Player,Age,Team,Pos,G,GS,MP,PER,TS%,3PAr,FTr,ORB%,DRB%,TRB%,AST%,STL%,BLK%,TOV%,USG%,OWS,DWS,WS,WS/48,OBPM,DBPM,BPM,VORP,Salary_USD,PTS,TRB,AST,STL,BLK,TOV,Cost_Per_WS,Performance_Trajectory,PNS,Salary_Gap
MIKAL BRIDGES,28,NYK,SF,82,82,3036,14,0.585,0.391,0.1,2.7,7,4.9,14.4,1.2,1.3,9.7,19.6,3.7,2,5.7,0.09,0.4,-0.9,-0.5,1.2,23300000,18.5,3.3,3.3,1.2,0.5,1.6,4087719.3,Peak - Below Avg,7.265,4267728.671
JOSH HART,29,NYK,SG,77,77,2897,16.5,0.611,0.327,0.266,6.4,22.6,14.6,20.7,2,0.9,15.5,15.3,5.4,3.8,9.2,0.153,1.1,1.8,2.8,3.6,18144000,14.6,8.7,5.6,1.4,0.4,2,1972173.9,Peak - Above Avg,8.22,-12574753.72
ANTHONY EDWARDS,23,MIN,SG,79,79,2871,20.1,0.595,0.503,0.308,2.4,14.8,8.7,20.9,1.6,1.7,12,31.4,4.6,3.8,8.4,0.14,4.4,0,4.3,4.6,42176400,24.5,5.6,4,1.2,0.6,3,5021000,Rising - Above Avg,10.775,14128842.25
DEVIN BOOKER,28,PHO,SG,75,75,2795,19.3,0.589,0.388,0.34,3.1,8.9,6.1,30.6,1.2,0.5,11.9,29.3,6.1,0.3,6.4,0.111,2.8,-2.4,0.4,1.7,49205800,24.7,3.7,6.5,1.1,0.3,2.3,7688406.3,Peak - Above Avg,11.51,27836232.19
JAMES HARDEN,35,LAC,PG,79,79,2789,20,0.582,0.516,0.446,2.3,16.1,9.3,36.8,2.1,2,18,29.6,4,4.3,8.3,0.143,3.5,0.8,4.3,4.4,33653846,21.9,6.1,7.8,1.5,0.6,4.8,4054680.2,Veteran - Above Avg,11.305,5940187.749
DEMAR DEROZAN,35,SAC,SF,77,77,2768,17.7,0.569,0.196,0.337,2,10.1,6,18.7,1.1,1.1,6.5,25,5.7,1.4,7.1,0.123,1.2,-1.2,-0.1,1.3,23400000,20.8,3.9,3.9,1.4,0.4,1.5,3295774.6,Veteran - Above Avg,8.245,-306864.2874
TRAE YOUNG,26,ATL,PG,76,76,2739,18.3,0.567,0.467,0.408,1.4,8.2,4.7,46.4,1.6,0.4,17.9,29.6,4.4,1.3,5.7,0.1,3.3,-2.7,0.5,1.7,43031940,22.6,3.5,11.9,1.3,0.2,4.4,7549463.2,Peak - Below Avg,12.685,23999668.67
TYLER HERRO,25,MIA,SG,77,77,2725,19.7,0.605,0.486,0.237,1.4,14.6,8.1,26.2,1.3,0.6,11.5,28,4.7,2.7,7.4,0.131,3.8,-0.7,3.1,3.5,29000000,24.1,5.5,5.1,0.7,0.1,2.5,3918918.9,Rising - Above Avg,10.91,4291437.222
OG ANUNOBY,27,NYK,PF,74,74,2706,15.4,0.591,0.448,0.22,4.2,11,7.6,8.5,2,2.2,8.3,19.7,3.7,2.8,6.5,0.116,0.7,0.1,0.7,1.9,36637932,16.6,4.9,2,1.5,1,1.3,5636604.9,Peak - Above Avg,5.56,14934464.69
JALEN GREEN,22,HOU,SG,82,82,2697,15.1,0.544,0.46,0.234,1.7,13.4,7.4,16,1.3,0.9,11.4,27.3,1.9,3.2,5.1,0.092,1.1,-0.5,0.5,1.7,12483048,19.6,4.4,2.5,1,0.3,2.4,2447656.5,Rising - Above Avg,8.375,-4545826.347
CHRISTIAN BRAUN,23,DEN,SG,79,77,2675,16,0.665,0.273,0.261,4.2,12.2,8.4,10.1,1.5,1.2,8.1,15.8,6.2,1.9,8,0.144,0.8,-0.5,0.3,1.6,3089640,14.1,4.8,2.2,1.2,0.6,1.1,386205,Rising - Above Avg,6.425,-23622319.76
BAM ADEBAYO,27,MIA,C,78,78,2674,18.9,0.561,0.199,0.295,7.7,23.1,15.5,20,1.8,1.9,11.4,23.5,3.5,4,7.5,0.135,1,1,2,2.7,34848340,16.5,9.8,4.8,1.4,0.8,2.2,4646445.3,Peak - Above Avg,7.18,9805877.725
IVICA ZUBAC,27,LAC,C,80,80,2624,22.3,0.641,0,0.251,13.1,30.2,21.8,12.8,1,3.4,10.8,19.5,7,4.7,11.7,0.215,2.3,0.8,3.1,3.4,11743210,14.9,12.4,2.5,0.7,1,1.8,1003693.2,Peak - Above Avg,7.725,-27323031.15
JAYSON TATUM,26,BOS,PF,72,72,2624,21.7,0.582,0.497,0.3,2,23.7,12.9,27,1.5,1.3,11.2,31.2,5.3,4.2,9.5,0.174,4.4,0.8,5.2,4.8,34848340,28.2,9.4,5.6,1.3,0.4,2.8,3668246.3,Peak - Above Avg,9.245,3127887.784
JADEN MCDANIELS,24,MIN,PF,82,82,2614,13.3,0.562,0.363,0.153,5.6,14.2,10,9,2.1,2.6,9.6,16.3,2.3,3.9,6.3,0.115,-1.4,1.4,0,1.4,23017242,9.9,4.7,1.6,1.3,0.7,1.2,3653530.5,Rising - Above Avg,4.03,1981573.689
KEEGAN MURRAY,24,SAC,PF,76,76,2610,12,0.553,0.548,0.088,6.3,15.5,10.9,5.6,1.1,2.6,6.6,15,2.4,2.1,4.4,0.082,-0.8,-0.8,-1.6,0.2,8809560,11.6,7.4,1.4,0.7,0.8,1,2002172.7,Rising - Above Avg,5.255,-5882017.868
ZACH LAVINE,29,TOT,SG,74,74,2602,17.3,0.639,0.438,0.233,0.9,12,6.5,18.3,1.1,0.4,13.4,25.3,3.7,1.4,5.1,0.094,2.3,-1.6,0.7,1.8,44531940,22.3,4.4,4.3,0.9,0.3,3,8731752.9,Peak - Below Avg,9.93,27503065.65
SHAI GILGEOUS-ALEXANDER,26,OKC,PG,76,76,2598,30.7,0.637,0.263,0.404,2.8,12.6,7.8,31.3,2.4,3,8.6,34.8,11.9,4.8,16.7,0.309,8.9,2.6,11.5,8.9,35859950,31.2,5.4,6.1,2,1.1,2.6,2147302.4,Peak - Above Avg,13.995,-19901266
MICHAEL PORTER JR.,26,DEN,SF,77,77,2593,16.2,0.617,0.467,0.185,6.1,16.2,11.4,8.7,0.9,1.3,8.4,20.2,4.6,1.8,6.4,0.118,1.6,-1.7,-0.1,1.2,35859950,18.9,6.4,2.6,0.7,0.4,1.4,5603117.2,Peak - Above Avg,7.935,14490382.19
DERRICK WHITE,30,BOS,SG,76,76,2574,16.6,0.606,0.721,0.168,2.8,11.5,7.2,20.2,1.4,2.9,11.3,19.8,5.1,3.4,8.5,0.158,2.7,0.8,3.5,3.6,20071429,17.3,4.5,4.4,0.9,1.2,1.7,2361344.6,Veteran - Above Avg,8.225,-8310028.246
DYSON DANIELS,21,ATL,SG,76,76,2571,15.6,0.545,0.255,0.152,5.1,14.2,9.6,17.9,4.2,2,13.6,18.2,1.3,3.7,5,0.093,-1.1,2.6,1.5,2.3,6059520,12.9,5,3.6,3.2,0.8,1.8,1211904,Rising - Above Avg,6.915,-10635454.85
AUSTIN REAVES,26,LAL,SG,73,73,2550,18.1,0.616,0.512,0.353,2.8,11.5,7.3,24.9,1.6,0.8,12.9,23.7,5.6,2.1,7.6,0.144,2.4,-0.5,1.9,2.6,12976362,18.3,4.6,5.9,1,0.1,2.6,1707416.1,Peak - Above Avg,9.13,-12399999.77
TOUMANI CAMARA,24,POR,PF,78,78,2548,12.5,0.572,0.503,0.176,7.2,12.1,9.6,9.6,2.2,1.8,12.4,14.4,2.5,2.6,5.2,0.097,-0.9,0.8,-0.1,1.2,1891857,9.1,5.7,1.9,1.3,0.5,1.4,363818.7,Rising - Above Avg,4.16,-15470916.84
PASCAL SIAKAM,30,IND,PF,78,78,2548,19.2,0.599,0.274,0.261,5.9,17.6,11.8,15.7,1.3,1.5,7.6,24.2,5,2.5,7.5,0.142,2.2,-0.5,1.7,2.4,42176400,19.8,7.3,3.4,0.9,0.3,1.3,5623520,Veteran - Above Avg,6.74,17133937.72
BROOK LOPEZ,36,MIL,C,80,80,2546,14.8,0.624,0.482,0.178,5,11.8,8.6,7.8,0.9,5.4,9.1,15.8,3.6,2.9,6.6,0.124,0.4,0.4,0.8,1.8,23000000,12.2,4.8,1.6,0.9,1.9,1.1,3484848.5,Veteran - Above Avg,4.825,962633.1976
KARL-ANTHONY TOWNS,29,NYK,C,72,72,2517,23.4,0.63,0.278,0.337,9.8,32,21,13.8,1.4,1.9,12.1,27.4,6.3,3.8,10.1,0.193,3.5,0.1,3.6,3.5,49205800,24.7,14,3.3,0.9,0.9,2.5,4871861.4,Peak - Above Avg,10.245,15481950.8
CADE CUNNINGHAM,23,DET,PG,70,70,2452,20.6,0.565,0.287,0.254,2.5,16.5,9.6,43,1.4,2.1,16,33.2,3,2.9,5.9,0.115,3.8,0.1,3.9,3.7,13940809,23.6,6.7,9.5,0.8,0.9,4.4,2362849,Rising - Above Avg,12.415,-5759261.323
TYRESE HALIBURTON,24,IND,PG,73,73,2451,21.8,0.616,0.559,0.221,1.9,9.7,5.9,38.9,2.1,1.8,9.8,21.6,8.1,2.3,10.4,0.204,5.7,0.2,5.8,4.9,42176400,18.1,3.7,8.8,1.2,0.6,1.8,4055423.1,Rising - Above Avg,10.025,7450852.311
COBY WHITE,24,CHI,SG,74,73,2450,15.5,0.601,0.521,0.274,1.1,10.4,5.8,19.5,1.3,0.6,12.4,24.4,3,1.5,4.5,0.088,0.5,-1.4,-0.9,0.7,12000000,17.9,3.5,4.7,1.1,0.2,2.4,2666666.7,Rising - Above Avg,8.48,-3025477.365
LEBRON JAMES,40,LAL,SF,70,70,2444,22.7,0.604,0.312,0.261,3.4,21.2,12.6,40.3,1.4,1.5,15.5,30.1,4.9,2.8,7.7,0.152,4.9,0.7,5.6,4.7,48728845,24.1,7.4,8.9,0.7,0.6,3.8,6328421.4,Veteran - Above Avg,11.025,23018583.73
DOMANTAS SABONIS,28,SAC,C,70,70,2429,22.9,0.655,0.175,0.324,12.3,32.6,22.4,26,1,1,16.5,21.6,7.4,2.7,10.1,0.199,4.2,1.1,5.2,4.4,40500000,20.5,13.7,6.1,0.8,0.4,2.9,4009901,Peak - Above Avg,9.135,6776150.802
JAMAL MURRAY,27,DEN,PG,67,67,2418,17.8,0.584,0.354,0.219,2.2,9.3,5.9,23.2,1.8,1.2,10.1,24,4.6,1.6,6.2,0.123,1.8,-1,0.8,1.7,36016200,19.6,4.1,6.3,1.5,0.7,2.3,5809064.5,Peak - Above Avg,9.775,15314431.19
DILLON BROOKS,29,HOU,SF,75,75,2388,11,0.555,0.524,0.135,3.3,9.1,6.1,7.4,1.2,0.6,7.4,17.7,2.7,2.5,5.1,0.103,-1.4,0,-1.4,0.4,22255493,14,4,1.5,0.7,0.3,1.1,4363822.2,Peak - Below Avg,5.635,5226618.653
RUDY GOBERT,32,MIN,C,72,72,2388,18.3,0.687,0,0.535,12.5,23.8,18.2,7.5,1.2,4.1,12.4,13,6.1,4,10.1,0.204,0.6,1.3,1.9,2.4,43827586,10.3,10.5,1.7,0.7,1.4,1.5,4339365,Veteran - Above Avg,6.26,10103736.8
TOBIAS HARRIS,32,DET,PF,73,73,2305,13.9,0.571,0.328,0.206,3.1,17.5,10.4,9.8,1.5,2.4,8.8,17.6,2.3,2.9,5.2,0.108,-0.5,0.6,0.1,1.2,25365854,13.2,6.5,2.3,0.8,0.9,1.1,4878048.8,Veteran - Above Avg,5.305,8003080.156
DARIUS GARLAND,25,CLE,PG,75,75,2301,19.9,0.6,0.451,0.217,2.3,7.6,5,32.2,1.9,0.4,12.8,27.2,5.8,2.3,8.1,0.169,3.9,-0.8,3.1,3,36725670,20.4,2.6,6.8,1.2,0.2,2.3,4534033.3,Rising - Above Avg,10.02,9679810.743
JALEN BRUNSON,28,NYK,PG,65,65,2301,21.6,0.605,0.331,0.373,1.4,7.9,4.7,32.3,1.3,0.3,10.5,29.5,6.8,1.4,8.3,0.172,4.7,-1.3,3.3,3.1,24960001,25.1,3,7.7,0.8,0.1,2.4,3007229,Peak - Above Avg,11.94,-2753657.251
JARRETT ALLEN,26,CLE,C,82,82,2296,22.1,0.724,0.008,0.433,10.5,26.7,18.8,9.5,1.6,2.9,11.3,15.9,7.6,4,11.6,0.243,3,1.2,4.2,3.6,20000000,13.6,10.1,1.8,1,0.9,1.1,1724137.9,Peak - Above Avg,6.675,-18732341.65
CHRIS PAUL,39,SAS,PG,82,82,2292,14.7,0.58,0.636,0.158,1.5,12.3,6.9,34.8,2.2,0.9,17.1,14,4.2,1.6,5.7,0.12,0.3,0.5,0.8,1.6,10460000,9.4,4.4,8.4,1.5,0.2,1.7,1835087.7,Veteran - Above Avg,6.97,-8572271.329
ANFERNEE SIMONS,25,POR,SG,70,70,2292,14.9,0.557,0.527,0.172,1.2,8,4.5,23.3,1.3,0.2,10.6,24.6,2.9,1.2,4.2,0.087,1.5,-1.5,-0.1,1.1,25892857,17.7,2.7,4.9,1,0.1,2.4,6164966,Rising - Above Avg,8.38,11869078.13
GIANNIS ANTETOKOUNMPO,30,MIL,PF,67,67,2289,30.5,0.625,0.048,0.536,7.3,29.7,19,36,1.2,3.2,11.2,35.2,7.8,3.7,11.5,0.241,6.9,2.5,9.5,6.6,48787676,32.4,11.7,6,0.8,1.5,3.3,4242406.6,Veteran - Above Avg,11.145,10389233.84
MALIK BEASLEY,28,DET,SG,82,18,2283,14.4,0.59,0.715,0.131,2.3,8,5.2,8.9,1.5,0.2,6.8,22.5,2.9,1.8,4.7,0.1,2,-1.2,0.8,1.6,6000000,16.1,3.1,1.9,0.8,0.1,1.1,1276595.7,Peak - Below Avg,6.77,-9693276.359
KENTAVIOUS CALDWELL-POPE,31,ORL,SG,77,77,2279,9.9,0.574,0.607,0.175,1.6,7.2,4.3,8.7,2.2,1.4,9.6,12.4,1.5,3.1,4.6,0.096,-3,1.6,-1.4,0.3,22757000,9.2,2,2,1.7,0.7,0.8,4947173.9,Veteran - Above Avg,4.46,7397623.138
PAYTON PRITCHARD,27,BOS,PG,80,3,2271,17.6,0.633,0.723,0.097,4.9,9.8,7.3,18.1,1.5,0.6,8.4,19,6.1,2.5,8.6,0.183,3.4,0.2,3.5,3.2,6696429,15.6,3.8,3.4,0.9,0.1,1,778654.5,Peak - Above Avg,7.21,-22018927.74
KEVIN DURANT,36,PHO,PF,62,62,2265,21.2,0.642,0.331,0.321,1.2,16.9,9.2,19.6,1.1,3.2,12.9,28.7,4,1.2,5.2,0.111,3.9,-0.7,3.2,3,51179021,27.7,6.5,3.8,0.8,1.3,3.3,9842119.4,Veteran - Above Avg,8.325,33816247.16
SHAEDON SHARPE,21,POR,SG,72,52,2252,14.5,0.551,0.428,0.219,3.2,12.7,7.8,14.2,1.3,0.6,11,25.1,1.3,1.7,3,0.064,0,-1.3,-1.3,0.4,6614160,17.9,3.6,2.4,0.8,0.2,1.7,2204720,Rising - Below Avg,7.625,-3402824.91
STEPHEN CURRY,36,GSW,PG,70,70,2252,21.5,0.618,0.623,0.238,1.9,13.3,7.4,31.3,1.7,1.3,12.6,29.8,5.2,2.7,7.9,0.168,6.4,0,6.3,4.8,55761216,22.3,4.8,6.5,1.1,0.5,3,7058381.8,Veteran - Above Avg,10.78,29383155.74
DE'AARON FOX,27,TOT,PG,62,62,2241,18.3,0.56,0.328,0.273,2.7,12.1,7.4,27.2,2,1.1,11.8,28.3,2.6,1.7,4.3,0.093,1.3,-1,0.4,1.3,34848340,26.7,4.9,6.2,1.6,0.3,3.3,8104265.1,Peak - Below Avg,12.325,20490661.63
JALEN WILLIAMS,23,OKC,SG,69,69,2237,20.3,0.573,0.291,0.256,2.9,14.6,8.8,23.4,2.4,2.1,10.3,27.5,3.7,4.1,7.8,0.168,2.7,1.4,4,3.4,4775760,20.9,5.8,5.1,1.8,0.7,2.2,612276.9,Rising - Above Avg,10.04,-21268400.77
DONOVAN MITCHELL,28,CLE,SG,71,71,2232,20.9,0.575,0.48,0.274,2.8,12.5,7.8,23.9,2,0.7,9.2,30.9,4.8,2.8,7.6,0.163,3.8,-0.2,3.7,3.2,35410310,23.4,4.4,4.7,1.5,0.2,2.1,4659251.3,Peak - Above Avg,10.575,10033948.23
HARRISON BARNES,32,SAS,PF,82,82,2230,14.9,0.656,0.527,0.291,4.7,10.3,7.4,8.6,0.8,0.6,6.1,15.7,5,0.5,5.6,0.12,1.7,-1.7,0,1.2,18000000,10.6,3.9,1.5,0.3,0.2,0.7,3214285.7,Veteran - Above Avg,3.59,-698371.8323
JULIUS RANDLE,30,MIN,PF,69,69,2226,17.5,0.593,0.334,0.357,7.3,16.8,12.1,22.5,1,0.7,15.3,25,3.6,2.6,6.2,0.134,1.5,-0.2,1.3,1.8,33073920,20.2,7,4.5,0.7,0.2,3,5334503.2,Veteran - Above Avg,6.655,12372151.19
AMEN THOMPSON,22,HOU,SF,69,42,2225,18.7,0.602,0.131,0.354,9,18.2,13.5,16.9,2.1,3.6,14.6,17.5,4.1,3.9,8,0.172,1.4,2.6,4.1,3.4,9249960,11.9,7.1,2.2,1.1,1.1,1.8,1156245,Rising - Above Avg,6.06,-17461999.76
JAREN JACKSON JR.,25,MEM,C,74,74,2207,19.6,0.591,0.321,0.328,4.4,15.5,10,10.1,1.9,4.7,9.9,28.1,3.2,3.2,6.4,0.139,1.6,0.8,2.3,2.4,25257798,22.3,6.1,1.9,1.4,1.7,2.2,3946530.9,Rising - Above Avg,7.315,3888230.192
DESMOND BANE,26,MEM,SG,69,68,2205,17.9,0.6,0.411,0.194,3,16.9,10,23.6,1.7,1.2,13.3,23.3,4,2.6,6.5,0.142,2.6,0.6,3.2,2.9,34005250,16.5,6,5,1.1,0.5,2.4,5231576.9,Peak - Above Avg,8.345,12301782.69
NAZ REID,25,MIN,C,80,17,2200,15.8,0.577,0.501,0.155,4.7,19.3,12.1,12.6,1.3,3,9.9,21.5,2.4,3.3,5.7,0.125,0.8,0.8,1.6,2,13986432,12.6,5,1.7,0.7,0.8,1.3,2453760,Rising - Above Avg,4.615,-5045839.329
TYUS JONES,28,PHO,PG,81,58,2174,14.5,0.585,0.587,0.083,2.1,7.8,5,27.7,1.6,0.3,11.4,16.2,4,0.3,4.4,0.096,1.4,-1.3,0.1,1.1,2087519,12.6,2.6,6.3,1,0.2,1.3,474436.1,Peak - Below Avg,7.075,-12604058.87
MYLES TURNER,28,IND,C,72,72,2174,16.1,0.612,0.486,0.293,4.7,19.4,12.1,7.1,1.2,6,11.8,20.7,1.8,2.9,4.7,0.104,0,0.4,0.4,1.3,19928500,15.1,7.1,1.6,0.8,2,2.2,4240106.4,Peak - Below Avg,6.225,4235223.641
EVAN MOBLEY,23,CLE,PF,71,71,2167,22.3,0.633,0.254,0.337,8.4,24,16.5,15.1,1.4,4.7,12.2,23.2,5.3,3.8,9,0.2,3.1,1.5,4.6,3.6,11227657,18.9,8.8,2.9,1,1.5,2.1,1247517.4,Rising - Above Avg,7.46,-18823297.73
TAUREAN PRINCE,30,MIL,SF,80,73,2166,9.8,0.613,0.652,0.093,1.8,12.2,7.2,9.4,1.7,0.6,13.3,12.5,1.3,2.2,3.5,0.077,-2,0.3,-1.7,0.1,2087519,7.5,4,1.7,0.9,0.2,1.2,596434,Veteran - Below Avg,3.745,-9598963.395
STEPHON CASTLE,20,SAS,SG,81,47,2162,13.7,0.522,0.337,0.348,4.4,10.3,7.4,22.8,1.7,0.9,13.4,26,0.1,1,1.1,0.025,-1.5,-1.7,-3.2,-0.6,9105120,10.9,2.5,3.6,0.8,0.3,1.8,8277381.8,Rising - Below Avg,5.485,5432225.533
DENI AVDIJA,24,POR,SF,72,54,2161,17.7,0.605,0.405,0.441,5.4,21.2,13.1,19.9,1.6,1.5,16.3,23.2,3.1,2.5,5.6,0.124,1.5,0.6,2.1,2.2,15625000,13.6,5.9,3.2,0.9,0.7,2.3,2790178.6,Rising - Above Avg,6.4,-3073371.832
JAYLEN BROWN,28,BOS,SF,63,63,2158,17.8,0.555,0.32,0.288,4.1,14.4,9.3,21.4,1.7,0.8,11.4,28.9,2.3,2.9,5.2,0.115,0.4,-0.4,0,1.1,49205800,24.4,6,4.6,1.4,0.3,2.8,9462653.8,Peak - Above Avg,9.98,31843026.16
TIM HARDAWAY JR.,32,DET,SG,77,77,2153,9.8,0.567,0.672,0.213,0.9,8.4,4.7,7.6,0.8,0.3,6.1,15.5,2.1,1.4,3.5,0.077,-1.1,-0.9,-2.1,0,16193183,10.1,2,1.6,0.4,0,0.7,4626623.7,Veteran - Below Avg,4.375,4506700.605
BENNEDICT MATHURIN,22,IND,SF,72,49,2149,13.6,0.579,0.338,0.389,4.6,15.2,9.9,8.8,1.1,1,11.9,22.8,1.3,1.8,3,0.068,-1.3,-1.5,-2.9,-0.5,7245720,16.7,6.1,1.8,0.7,0.4,2.1,2415240,Rising - Below Avg,7.04,-2771264.91
SPENCER DINWIDDIE,31,DAL,PG,79,30,2136,13,0.553,0.478,0.356,0.9,9.5,5.3,22.1,1.6,0.7,11.4,17.9,2.4,1.2,3.7,0.082,-0.9,-0.7,-1.6,0.2,2087519,9.1,2.2,3.4,0.8,0.2,1,564194.3,Veteran - Below Avg,4.755,-10266762.39
SCOTTIE BARNES,23,TOR,PF,65,65,2134,17.8,0.523,0.263,0.284,5.3,20.2,12.6,27.7,2.1,2.8,13.4,27,0.6,2.9,3.5,0.078,1.5,0.9,2.4,2.3,10130980,20.4,8.3,6.6,1.4,0.6,3.7,2894565.7,Rising - Below Avg,7.375,-1555502.395
MAX CHRISTIE,21,TOT,SG,78,36,2127,10.4,0.57,0.532,0.258,2,11.2,6.7,9.2,1.5,1.3,11.8,15.2,1.1,1.6,2.7,0.06,-2.1,-0.5,-2.5,-0.3,7142857,7.8,2.4,1.3,0.9,0.4,0.7,2645502.6,Rising - Below Avg,3.605,-1872429.419
JOSH GIDDEY,22,CHI,PG,70,69,2117,18.1,0.57,0.348,0.281,6.4,21.4,14,32.9,1.9,1.8,18.4,21.7,2.8,2.5,5.3,0.121,1.9,1.1,3,2.7,8352367,12.1,6.9,6.8,1,0.5,2.7,1575918.3,Rising - Above Avg,7.505,-9344306.341
FRED VANVLEET,30,HOU,PG,60,60,2111,12.8,0.515,0.607,0.181,1.6,9.7,5.6,21.2,2.2,1.1,9.6,17.7,2.4,2.8,5.2,0.119,-0.4,1.3,0.9,1.5,42846615,14.8,4.5,5.9,1.5,0.5,1.5,8239733.7,Veteran - Above Avg,7.995,25483841.16
KEYONTE GEORGE,21,UTA,PG,67,35,2109,12.9,0.539,0.552,0.31,1.3,11.5,6.5,26.9,1,0.4,14.9,24.3,0.9,0.1,1.1,0.024,-0.2,-2.5,-2.7,-0.3,4084200,15.8,3.3,5.7,0.7,0.2,3.3,3712909.1,Rising - Below Avg,7.995,411305.5329
DAMIAN LILLARD,34,MIL,PG,58,58,2093,21.3,0.621,0.528,0.396,1.6,12.1,7.1,29.7,1.6,0.4,12.2,27.8,5.6,2,7.6,0.175,4.7,-0.6,4,3.2,48787676,25.1,4.5,7.6,1.1,0.2,2.9,6419431.1,Veteran - Above Avg,12.115,23411314.23
RUSSELL WESTBROOK,36,DEN,PG,75,36,2092,14.3,0.532,0.35,0.28,5.6,13.4,9.7,28.8,2.4,1.6,20.6,23.8,-0.1,2.1,1.9,0.045,-0.9,-0.2,-1.1,0.5,5631296,12.1,4.5,6.7,1.7,0.5,2.7,2963840,Veteran - Below Avg,7.37,-712794.4431
KELLY OUBRE JR.,29,PHI,SF,60,57,2078,13.5,0.551,0.327,0.25,5.1,15.4,10,7.9,2.2,1.4,8.9,18.9,1.2,1.4,2.6,0.061,-1.7,-0.6,-2.3,-0.1,7983000,12.8,5.7,1.5,1.4,0.5,1.3,3070384.6,Peak - Below Avg,5.825,-698386.9222
NICKEIL ALEXANDER-WALKER,26,MIN,SG,82,10,2073,11.6,0.579,0.601,0.192,2.9,11.1,7.1,15,1.2,1.5,12.9,16,2,2.3,4.3,0.099,-0.8,0.4,-0.4,0.8,4312500,9.2,2.8,2.4,0.8,0.3,1.4,1002907,Peak - Below Avg,4.5,-10045178.37
LUGUENTZ DORT,25,OKC,SF,71,71,2073,11.3,0.586,0.696,0.078,4.7,10.3,7.6,6.9,1.8,1.9,7.7,13.6,2.4,3.2,5.6,0.129,-0.6,0.8,0.2,1.2,16500000,9.8,4.5,1.6,1.2,0.7,0.5,2946428.6,Rising - Above Avg,4.635,-2198371.832
ONYEKA OKONGWU,24,ATL,C,74,40,2064,19,0.634,0.216,0.316,11.4,24,17.5,11.4,1.6,3,10.4,17.3,4.9,2.3,7.2,0.168,1.2,0.2,1.3,1.7,14000000,11.5,6.7,1.4,0.7,0.7,0.8,1944444.4,Rising - Above Avg,4.96,-10040763.78
MALIK MONK,26,SAC,SG,65,45,2054,15,0.549,0.456,0.19,1.6,11.7,6.7,25.7,1.5,1.8,13.5,24.6,1.3,1.4,2.8,0.065,0.3,-1.1,-0.8,0.6,17405203,16.5,3.6,4.9,0.8,0.5,1.9,6216143.9,Peak - Below Avg,8.01,8056017.084
JAYLEN WELLS,21,MEM,SG,79,74,2043,10.5,0.56,0.58,0.2,4.6,9.3,6.9,8.4,1,0.4,8.6,15.9,2.1,1.4,3.5,0.083,-1.2,-1,-2.2,-0.1,1157153,11.8,3.3,1.7,0.5,0.1,1.2,330615.1,Rising - Above Avg,5.155,-10529329.4
JALEN DUREN,21,DET,C,78,78,2034,21.4,0.703,0,0.443,15.2,28.7,22,14.7,1.3,4.2,17.2,16.4,5.9,3.4,9.2,0.218,1.6,1.5,3.1,2.7,4536840,9.6,9.4,2.2,0.5,1.2,1.9,493134.8,Rising - Above Avg,5.645,-26181913.72
JALEN WILSON,24,BRK,PF,79,22,2031,9.5,0.541,0.584,0.266,4,11.4,7.5,10.8,1,0.2,10.2,16.6,0.9,1,1.9,0.046,-2.6,-1.3,-3.9,-1,1891857,9.3,3.3,1.8,0.5,0,1,995714.2,Rising - Below Avg,3.09,-4452233.443
MILES BRIDGES,26,CHO,PF,64,64,2029,17.7,0.541,0.413,0.233,3.7,21.9,12.6,21.7,1.1,2.2,10.2,28,1.3,1.8,3.2,0.075,2.3,-0.5,1.8,2,27173913,18.1,7.8,3.7,0.7,0.7,2.1,8491847.8,Peak - Below Avg,6.665,16489129.1
DAVION MITCHELL,26,TOT,PG,74,37,2027,10.2,0.573,0.443,0.176,1.9,7.1,4.5,24.2,1.7,0.8,20,13.6,1.3,1.6,3,0.07,-2.8,0.2,-2.6,-0.3,6451077,6.4,2.1,4.7,0.8,0.2,1.8,2150359,Peak - Below Avg,4.255,-3565907.91
FRANZ WAGNER,23,ORL,SF,60,60,2023,20.1,0.558,0.303,0.268,3,17.1,9.7,26.6,1.9,1,9.6,31,2.6,3.1,5.6,0.133,2.6,0.5,3.1,2.6,7007092,24.4,5.6,5.7,1.7,0.5,2.4,1251266.4,Rising - Above Avg,10.165,-11691279.83
QUENTIN GRIMES,24,TOT,SG,75,37,2013,15.9,0.595,0.512,0.26,3.2,14.7,8.9,17.7,1.8,1,13.3,22.8,2,1.4,3.4,0.081,1.3,-0.9,0.4,1.2,4296682,10.1,4,1.8,0.6,0.3,1.2,1263730,Rising - Above Avg,4.685,-7055900.898
JORDAN POOLE,25,WAS,SG,68,68,2001,16.6,0.591,0.588,0.259,1.6,9,5.3,25.6,2,1.2,14.8,29,1.2,0.8,2,0.047,2,-1.6,0.4,1.2,29651786,21.8,2.7,5,1.6,0.5,3.6,14825893,Rising - Below Avg,9.97,22973796.06
DRAYMOND GREEN,34,GSW,PF,68,66,1983,12.4,0.534,0.483,0.289,3.9,19,11.2,26.2,2.4,3.4,23.3,15.9,0.3,3.4,3.7,0.088,-2.3,2.8,0.5,1.3,24107143,8.7,6.3,5.7,1,1.1,2.5,6515444.1,Veteran - Below Avg,4.425,11752861.61
DEVIN VASSELL,24,SAS,SG,64,53,1983,14.2,0.553,0.483,0.135,1.8,12,6.9,13.8,2,1.5,8.5,22.1,0.9,1.3,2.2,0.054,-0.3,-0.8,-1.1,0.4,29347826,15.5,3.2,3,1.2,0.4,1.4,13339920.9,Rising - Below Avg,7.035,22002037.07
KLAY THOMPSON,34,DAL,SF,72,72,1965,12.9,0.552,0.631,0.084,2.5,11,6.8,10.7,1.2,1.3,8.8,21.8,0.7,1.1,1.8,0.045,0.7,-1.6,-1,0.5,15873016,14.2,3.5,1.9,1,0.4,1.3,8818342.2,Veteran - Below Avg,5.705,9862825.054
TYRESE MAXEY,24,PHI,PG,52,52,1960,19.5,0.562,0.438,0.265,0.8,9.6,5,28,2.3,1.1,9.2,29.8,2.9,1,3.8,0.094,3.2,-1.1,2,2,35147000,25.5,3.5,5.4,2.2,0.5,2.3,9249210.5,Rising - Above Avg,11.605,22458819.11
NORMAN POWELL,31,LAC,SG,60,60,1958,17.5,0.615,0.453,0.28,1.2,9.6,5.5,10.2,1.8,0.5,9.2,26.1,2.9,2.3,5.3,0.129,1.7,-0.2,1.5,1.8,19241379,23.6,3.3,2.4,1.2,0.2,2.2,3630448.9,Veteran - Above Avg,9.67,1544705.659
YVES MISSI,20,NOP,C,73,67,1956,15.4,0.572,0.002,0.415,13.7,19.7,16.6,7.2,0.9,4.8,12.4,14.3,2.5,1.1,3.6,0.089,-1.6,-1.4,-3,-0.5,3193200,9.4,8.5,1.5,0.6,1.4,1.2,887000,Rising - Above Avg,5.365,-8827181.892
KEON ELLIS,25,SAC,SG,80,28,1948,13.5,0.664,0.692,0.185,3.4,8.8,6.1,8,3,3.2,12.4,12.7,2.7,2.2,5,0.122,-0.1,2,1.9,1.9,2120693,6.7,2.3,1.1,1.3,0.8,0.8,424138.6,Rising - Above Avg,3.22,-14574281.85
BILAL COULIBALY,20,WAS,SF,59,59,1948,10.8,0.515,0.359,0.296,4.8,10.9,7.8,14.9,1.9,1.9,15.1,17.9,-0.6,0.9,0.3,0.008,-3,-0.7,-3.7,-0.8,6945240,12.8,5.5,3.6,1.4,0.8,2,23150800,Rising - Below Avg,6.225,5943541.509
KYLE KUZMA,29,TOT,PF,65,62,1936,10.6,0.514,0.369,0.238,3,17.1,10.2,12.1,0.9,0.9,13.5,24,-2.3,1.3,-0.9,-0.024,-2.9,-2,-4.9,-1.4,24456061,14.5,5.4,2.1,0.5,0.2,2.2,N/A,Peak - Below Avg,4.925,N/A
JULIAN CHAMPAGNIE,23,SAS,SF,82,29,1932,12.2,0.577,0.722,0.141,3.7,13.9,8.8,7.9,1.5,1.6,9.5,17.2,1.3,1.2,2.5,0.062,-0.3,-0.9,-1.3,0.4,3000000,12.1,4.7,1.3,0.8,0.6,1.1,1200000,Rising - Below Avg,5.245,-5347487.425
KEON JOHNSON,22,BRK,SG,79,56,1925,10.4,0.499,0.515,0.178,3.5,14.5,8.8,14.6,2.1,1.5,12.1,21.7,-1.3,1.9,0.5,0.014,-3.1,-0.1,-3.3,-0.6,2162606,7.6,3.3,1.2,0.7,0.3,1.2,4325212,Rising - Below Avg,3.55,493108.515
NAJI MARSHALL,27,DAL,SF,69,31,1919,15.1,0.584,0.306,0.225,4.4,14,9.3,15.8,1.8,0.5,12.5,20,2,1.5,3.5,0.087,-0.3,-0.5,-0.8,0.6,8571429,10.9,3.3,2.2,0.8,0.1,1.3,2448979.7,Peak - Below Avg,4.665,-3115053.395
JRUE HOLIDAY,34,BOS,PG,62,62,1896,13.5,0.565,0.534,0.134,4.4,10.8,7.6,17.3,1.7,1.3,11.3,15.8,2.8,2.4,5.1,0.13,-0.3,1,0.7,1.3,30000000,12.3,4.1,3.8,1,0.4,1.4,5882352.9,Veteran - Above Avg,6.245,12971125.65
GUERSCHON YABUSELE,29,PHI,C,70,43,1895,14.7,0.616,0.487,0.245,7.7,16.3,11.8,11.6,1.5,1.2,12.2,16.3,2.9,1,3.9,0.099,0.1,-1.1,-1,0.5,2087519,9.8,5.1,1.8,0.7,0.4,1.3,535261.3,Peak - Below Avg,3.97,-10934561.38
GARY TRENT JR.,26,MIL,SG,74,9,1893,11.7,0.591,0.659,0.14,1.2,8.2,4.8,6.4,1.8,0.2,5.7,17.1,1.6,1.7,3.3,0.084,-1.2,-0.4,-1.6,0.2,2087519,9.6,2.2,0.9,1,0,0.7,632581.5,Peak - Below Avg,4.095,-8931164.401
ANTHONY BLACK,21,ORL,PG,78,10,1887,11.6,0.521,0.315,0.318,3,11.4,7,19.4,2.3,2.4,16.4,19.6,-0.6,3,2.4,0.061,-3.1,1.2,-1.9,0,7607760,8.5,2.7,3.5,0.9,0.7,2.2,3169900,Rising - Below Avg,4.65,-405827.9281
JOSH GREEN,24,CHO,SG,68,67,1887,7.8,0.559,0.589,0.171,3.1,6.7,4.9,8.2,1.9,0.8,13.4,11.8,0.4,1,1.5,0.037,-4.5,0.2,-4.3,-1.1,12654321,7.5,2.7,1.5,0.9,0.4,1,8436214,Rising - Below Avg,3.6,7645828.545
NIC CLAXTON,25,BRK,C,70,62,1882,16.5,0.569,0.037,0.271,9,22.7,15.5,13.7,1.6,5.3,12,16.8,1.8,2.5,4.3,0.11,-1.1,1.5,0.4,1.1,27556817,9.9,7.6,2,0.9,1.1,1.3,6408562.1,Rising - Above Avg,5.105,13199138.63
ANDREW NEMBHARD,25,IND,SG,65,65,1881,11.7,0.545,0.325,0.252,2,10.7,6.4,22.5,2,0.5,15.8,16.3,1.1,1.7,2.8,0.071,-2.6,0.3,-2.3,-0.1,2019699,10.7,3.2,4.9,0.8,0.2,1.8,721321.1,Rising - Below Avg,5.94,-7329486.916
CASON WALLACE,21,OKC,SG,68,43,1876,12.3,0.562,0.425,0.076,4.1,8.8,6.5,11.5,3.1,1.9,10.5,12.8,1.8,3.4,5.2,0.133,-1.5,2.6,1,1.5,5555880,6.5,3.4,2.4,1.8,0.7,0.7,1068438.5,Rising - Above Avg,3.815,-11806893.84
DERRICK JONES JR.,27,LAC,SF,77,55,1873,13.5,0.609,0.372,0.2,5.7,10.1,8,4.6,2.1,1.7,9.3,16.5,2.1,2.6,4.7,0.12,-1,0.7,-0.3,0.8,9523810,9.8,3.4,0.9,1.3,0.3,1,2026342.6,Peak - Above Avg,4.195,-6169466.359
RUI HACHIMURA,26,LAL,PF,59,57,1869,13.6,0.619,0.429,0.196,4.9,12.6,8.9,6.4,1.2,1.3,7.3,15.8,2.8,1.5,4.3,0.11,-0.1,-0.6,-0.7,0.6,17000000,12.1,5.4,1.6,0.9,0.7,1,3953488.4,Peak - Above Avg,4.655,2642321.629
RJ BARRETT,24,TOR,SF,58,58,1869,16.5,0.547,0.312,0.317,3.4,17.9,10.5,27.3,1.2,0.9,12.9,28.7,0.6,1.7,2.4,0.061,1.2,-0.7,0.6,1.2,25794643,23.4,6.8,6.2,0.7,0.4,3.4,10747767.9,Rising - Below Avg,10.105,17781055.07
BUDDY HIELD,32,GSW,SG,82,22,1863,12.3,0.56,0.698,0.081,2.9,12.7,7.6,10.7,1.8,1.2,10.1,20.5,0.6,2.2,2.8,0.073,-0.7,-0.3,-1,0.5,8780488,12.3,3.3,1.2,0.8,0.3,1.2,3135888.6,Veteran - Below Avg,5.215,-568697.9162
TREY MURPHY III,24,NOP,SF,53,51,1854,17.3,0.598,0.522,0.274,2.7,13.2,7.8,15.9,1.5,2,9.9,23.7,3,0.5,3.5,0.091,2.1,-1.4,0.8,1.3,5159854,20.6,4.5,2.7,1.1,0.7,1.7,1474244,Rising - Above Avg,8.08,-6526628.395
ZACCHARIE RISACHER,19,ATL,SF,75,73,1843,12.2,0.558,0.442,0.191,5,11.1,8,7.1,1.3,1.8,9.8,20.9,0.6,1.1,1.8,0.046,-1.7,-1.8,-3.5,-0.7,12569040,10.7,3.4,1.2,0.8,0.6,1.2,6982800,Rising - Below Avg,4.48,6558849.054
ANDREW WIGGINS,29,TOT,SF,60,60,1842,16.4,0.566,0.415,0.306,5.1,10.8,7.9,13.5,1.6,2.6,9.4,24.5,1.9,2.1,4,0.104,1.2,-0.3,0.9,1.4,26276786,16.4,4.4,2.4,0.8,0.9,1.2,6569196.5,Peak - Below Avg,6.71,12920806.12
ISAIAH COLLIER,20,UTA,PG,71,46,1839,9.7,0.494,0.305,0.277,1.9,11.8,6.9,34.3,1.7,0.8,25,18.9,-1.3,0.5,-0.8,-0.021,-3.8,-1.5,-5.3,-1.6,2512680,3.1,2.2,3.4,0.8,0.2,2.3,N/A,Rising - Below Avg,2.655,N/A
KELDON JOHNSON,25,SAS,SF,77,0,1838,15.6,0.572,0.356,0.252,6.5,15.1,10.8,10.2,1.3,1.1,8.3,21.6,2.2,1,3.2,0.083,0,-1.6,-1.6,0.2,19000000,12.3,5,1.5,0.7,0.2,0.8,5937500,Rising - Above Avg,5.365,8315216.096
ROYCE O'NEALE,31,PHO,SF,75,22,1837,12.6,0.585,0.774,0.046,3.3,17.5,10.6,12.3,1.8,1.7,10.1,15.5,1.6,1.2,2.8,0.073,0.2,-0.1,0.1,1,9375000,10.5,5.6,2.4,1,0.6,1,3348214.3,Veteran - Below Avg,5.24,25814.08383
P.J. WASHINGTON,26,DAL,PF,57,56,1835,14,0.556,0.359,0.298,5,20.9,13.1,10.1,1.7,2.8,13.6,20.4,0.3,2.1,2.4,0.062,-1.1,0.2,-0.9,0.5,15500000,12.6,7.4,2.1,1.1,1.1,1.7,6458333.3,Peak - Below Avg,5.605,7486412.072
CJ MCCOLLUM,33,NOP,PG,56,56,1832,15.8,0.55,0.459,0.173,2.4,10.3,6.2,20.6,1.2,1.3,9,27.2,1.3,0.2,1.5,0.038,1.2,-2.6,-1.4,0.3,33333333,22.7,3.8,4,1,0.5,1.7,22222222,Veteran - Below Avg,9.925,28324840.54
HAYWOOD HIGHSMITH,28,MIA,SF,74,42,1818,9.9,0.583,0.596,0.11,4.4,10.8,7.7,8.4,1.9,2,11.6,11.3,1.3,2.1,3.3,0.088,-2.7,0.9,-1.9,0.1,5200000,6.9,3.3,1.1,1,0.6,0.9,1575757.6,Peak - Below Avg,3.325,-5818683.401
DORIAN FINNEY-SMITH,31,TOT,PF,63,40,1818,10.1,0.604,0.722,0.103,5,10.4,7.7,6.9,1.6,1.2,11,12.3,1.5,1.4,2.9,0.078,-1.1,0.1,-1,0.5,14924167,9.6,4.4,1.5,0.8,0.5,0.8,5146264.5,Veteran - Below Avg,3.73,5241081.587
ALEX SARR,19,WAS,C,67,67,1814,12.9,0.482,0.412,0.199,7.1,17.9,12.5,13.9,1.2,5,11.2,23.5,-1.6,1.3,-0.3,-0.007,-2.2,-1,-3.3,-0.6,11245680,11.9,6.3,2.3,0.7,1.7,1.6,N/A,Rising - Below Avg,5.2,N/A
KYRIE IRVING,32,DAL,SG,50,50,1804,19.9,0.594,0.38,0.226,3.7,10.6,7.2,20.5,1.8,1.1,9.7,27.4,3.4,1.3,4.6,0.124,3.9,-0.5,3.4,2.5,41000000,24.3,4.6,4.9,1.2,0.4,2.3,8913043.5,Veteran - Above Avg,10.92,25640623.14
KYSHAWN GEORGE,21,WAS,SG,68,38,1802,8.8,0.503,0.648,0.17,2.8,13.7,8.2,13.3,1.8,2.5,14.2,15.9,-0.9,1.1,0.1,0.003,-3.8,-0.3,-4.1,-0.9,2825520,7.2,4,2.2,0.7,0.7,1.1,28255200,Rising - Below Avg,3.83,2491620.503
CAMERON JOHNSON,28,BRK,PF,57,57,1800,18.2,0.632,0.546,0.301,3.3,12.8,7.8,18.5,1.5,1.4,10.5,22.9,3.8,1.3,5.1,0.137,3.5,-0.4,3.1,2.3,22500000,19.5,4.3,3,0.9,0.4,1.7,4411764.7,Peak - Above Avg,5.66,5471125.653
DUNCAN ROBINSON,30,MIA,SF,74,37,1785,11.8,0.595,0.729,0.08,1.1,9.1,5.2,14.7,1.1,0.3,11.1,19.2,1.3,1.4,2.7,0.071,-0.7,-1.1,-1.7,0.1,19406000,11.2,2.4,2.6,0.5,0.1,0.9,7187407.4,Veteran - Below Avg,4.565,10390713.58
KRIS DUNN,30,LAC,PG,74,58,1783,11.3,0.531,0.513,0.05,3.4,12.4,8,15.6,3.5,1.5,14.2,12.7,0.8,3.2,4,0.108,-2.8,3.4,0.6,1.2,5168000,7,3.5,2.9,1.7,0.3,1.2,1292000,Veteran - Above Avg,4.155,-8187979.88
SCOOT HENDERSON,20,POR,PG,66,10,1759,12.5,0.54,0.434,0.301,3.1,9.2,6.1,28.1,1.9,0.7,18.6,22.5,0.4,1.4,1.8,0.049,-1.4,-0.8,-2.2,-0.1,10259160,11.3,2.8,5.2,1.2,0.3,2.7,5699533.3,Rising - Below Avg,6.295,4248969.054
WENDELL CARTER JR.,25,ORL,C,68,51,1758,13.7,0.544,0.322,0.356,9.4,23.4,16,11.5,1.5,2.2,11.9,16,1.6,3,4.6,0.125,-2.2,0.9,-1.2,0.3,11950000,7.6,7.3,2.1,0.7,0.7,0.8,2597826.1,Rising - Above Avg,4.39,-3409376.862
COLLIN SEXTON,26,UTA,SG,63,61,1758,16.6,0.593,0.313,0.29,3.7,6.8,5.2,25.1,1.3,0.3,14.1,27,2.5,-0.1,2.4,0.066,1.7,-2.3,-0.6,0.6,18350000,17.7,2.7,3.8,0.8,0.1,2.6,7645833.3,Peak - Below Avg,7.955,10336412.07
MIKE CONLEY,37,MIN,PG,71,64,1756,13.3,0.573,0.662,0.192,2.1,9.3,5.7,24.5,2.2,0.7,12.9,14.4,3,2.2,5.2,0.142,-0.1,1.3,1.2,1.4,9975962,8.2,2.7,4.4,1.4,0.2,1.2,1918454.2,Veteran - Above Avg,4.96,-7386811.844
AMIR COFFEY,27,LAC,SG,72,13,1748,11.2,0.614,0.484,0.253,2.1,8.2,5.2,6.1,1.1,0.4,7.4,15.3,2.4,1.7,4,0.111,-1.5,-0.2,-1.7,0.1,3938271,10.5,2.6,1.2,0.5,0.1,0.8,984567.8,Peak - Above Avg,4.455,-9417708.88
JIMMY BUTLER,35,TOT,SF,55,55,1746,22.4,0.626,0.174,0.657,7.7,10.8,9.2,25.5,2.2,1,8.8,20.8,6.6,2,8.7,0.238,4,1,4.9,3,48798677,17.6,5.5,4.7,1.2,0.4,1.2,5609043.3,Veteran - Above Avg,7.815,19749420.76
AARON WIGGINS,26,OKC,SG,76,26,1744,16.1,0.596,0.466,0.122,5.1,12.9,9.1,10.6,1.7,1,8.3,20.3,2.7,2.7,5.4,0.148,1.3,-0.2,1.1,1.4,10514017,9.2,3.3,1.4,0.9,0.3,0.8,1947040.2,Peak - Above Avg,4.22,-7516555.838
WALKER KESSLER,23,UTA,C,58,58,1740,20,0.66,0.081,0.363,16.6,27.1,21.9,8.3,1,7.4,15,13.7,3.6,1.8,5.4,0.149,1.1,0.7,1.8,1.7,2965920,10.2,10.9,1.8,0.5,2.7,1.5,549244.4,Rising - Above Avg,6.74,-15064652.84
DE'ANDRE HUNTER,27,TOT,SF,64,9,1740,15.9,0.623,0.509,0.333,2.7,13.4,8.1,7.5,1.4,0.7,8.6,22.8,3,1.4,4.4,0.122,1.2,-0.8,0.4,1,21696429,19.9,4,1.4,0.9,0.1,1.3,4931006.6,Peak - Above Avg,7.395,7004851.132
OCHAI AGBAJI,24,TOR,SG,64,45,1739,12,0.601,0.474,0.09,3.7,11.4,7.5,7.9,1.6,1.6,8.9,14.6,1.6,1.5,3.1,0.087,-0.9,0.2,-0.7,0.5,4310280,11.2,3.9,1.8,0.8,0.5,0.9,1390412.9,Rising - Above Avg,5.1,-6040604.407
BRANDIN PODZIEMSKI,21,GSW,SG,64,33,1716,14.4,0.557,0.491,0.151,4,16.8,10.2,18.7,2,0.7,10.1,18.3,1.9,2.3,4.2,0.117,-0.1,0.8,0.7,1.2,3519960,8,4.5,3.2,1,0.2,1,838085.7,Rising - Above Avg,4.57,-10503818.87
JABARI SMITH JR.,21,HOU,PF,57,39,1716,12.6,0.562,0.489,0.223,6.4,18.6,12.4,4.7,0.7,2.1,8.9,16.4,1.9,2.2,4.2,0.117,-0.8,0.1,-0.7,0.6,9770880,11.9,6.5,1,0.4,1,0.9,2326400,Rising - Above Avg,5.015,-4252898.874
ANTHONY DAVIS,31,TOT,C,51,51,1706,26.3,0.588,0.136,0.405,9.1,29.1,19.4,18.3,1.7,6,9.5,30.4,3.7,3,6.7,0.188,3.9,1.5,5.4,3.2,43219440,25.8,11.8,3.6,1.3,2.1,2.3,6450662.7,Veteran - Above Avg,10.115,20848173.7
BRADLEY BEAL,31,PHO,SG,53,38,1702,15.2,0.598,0.38,0.197,2.3,9.1,5.8,17.6,1.7,1.5,11.6,22.1,1.9,0.6,2.4,0.068,-0.1,-1,-1.1,0.4,50203930,18.2,3.7,3.1,1.2,0.7,2.2,20918304.2,Veteran - Below Avg,8.065,42190342.07
GEORGES NIANG,31,TOT,PF,79,3,1697,11.2,0.607,0.66,0.094,3.1,14.3,8.7,8.8,0.8,0.8,11.3,17.9,1.5,1.4,2.9,0.081,-1.1,-1.2,-2.3,-0.1,8500000,8.6,3.9,1.5,0.4,0.1,1,2931034.5,Veteran - Below Avg,3.175,-1183085.413
JAKOB POELTL,29,TOR,C,57,56,1686,20,0.641,0.005,0.249,11.7,23.3,17.4,14.5,1.9,4,14.7,18.7,3,2.5,5.5,0.158,0.7,1.3,2,1.7,19500000,15.4,10.7,2.6,1.2,1.3,2.1,3545454.5,Peak - Above Avg,7.395,1135527.665
SCOTTY PIPPEN JR.,24,MEM,PG,79,21,1683,15.8,0.582,0.369,0.288,4.1,12.1,8.1,27.1,2.8,1.6,17.1,19.3,2.4,2.3,4.7,0.133,0,1.8,1.9,1.7,2087519,10.7,3.4,5,1.1,0.4,2.2,444153,Rising - Above Avg,6.055,-13605757.36
KEVIN HUERTER,26,TOT,SG,69,31,1679,11.3,0.544,0.647,0.081,2,11.3,6.7,12.6,1.9,1.3,9.7,17.5,0.6,1.3,1.9,0.054,-1.8,-0.2,-2,0,16830357,9,3.5,2,1,0.5,1,8858082.6,Peak - Below Avg,4.4,10486266.56
SANTI ALDAMA,24,MEM,PF,65,16,1660,16.8,0.588,0.503,0.145,6.1,20.3,13.3,15.2,1.5,1.6,9.3,18.5,2.9,2,5,0.144,2.5,0.7,3.2,2.2,3960531,13,7.3,3,0.9,0.5,1.2,792106.2,Rising - Above Avg,5.44,-12734443.85
A.J. GREEN,25,MIL,SG,73,7,1659,9.2,0.621,0.856,0.064,1.2,9.8,5.7,8.5,1.1,0.4,8.4,12.6,1.6,1.3,2.8,0.082,-1.7,-0.4,-2.2,-0.1,2120693,7.7,2.3,1.3,0.5,0.1,0.6,757390.4,Rising - Above Avg,3.48,-7228492.916
AL HORFORD,38,BOS,C,60,42,1659,12.9,0.563,0.681,0.082,5.2,18.9,12.1,10.4,1.1,2.8,8.8,13.8,2,2.4,4.4,0.129,0.1,1.1,1.2,1.3,9500000,8.8,5.3,2.3,0.7,0.9,0.9,2159090.9,Veteran - Above Avg,3.99,-5191577.868
TERRY ROZIER,30,MIA,PG,64,23,1658,10.5,0.497,0.485,0.17,3,12.8,7.9,14.8,1.1,0.8,10.3,20.4,-0.5,1.5,1,0.029,-2.6,-1,-3.7,-0.7,24924126,12.2,4.1,2.9,0.6,0.4,1.5,24924126,Veteran - Below Avg,5.815,21585131.03
PEYTON WATSON,22,DEN,SF,68,18,1656,11.4,0.564,0.318,0.32,3.3,11.8,7.7,7,1.4,5,10.3,13.9,1,1.5,2.5,0.073,-2.1,0.3,-1.8,0.1,2413560,8.7,3.2,1.4,0.8,1,0.8,965424,Rising - Below Avg,3.91,-5933927.425
MOSES MOODY,22,GSW,SG,74,34,1649,12.4,0.578,0.593,0.234,3.3,9.2,6.2,8.3,1.7,1.8,7.9,17.4,1.7,1.8,3.5,0.102,-0.9,0,-0.9,0.5,5803269,8,1.8,0.8,0.4,0.2,0.8,1658076.9,Rising - Above Avg,3.34,-5883213.395
TRISTAN DA SILVA,23,ORL,SF,74,38,1629,9.9,0.522,0.495,0.13,4.9,12.7,8.6,10.3,1,1.1,9.9,15.2,0.5,1.9,2.5,0.073,-2.3,-0.3,-2.6,-0.3,3628440,9,3.7,1.7,0.4,0.2,1,1451376,Rising - Below Avg,4.045,-4719047.425
DONTE DIVINCENZO,28,MIN,SG,62,10,1606,14.1,0.582,0.739,0.106,2.2,13.3,7.9,20.2,2.2,1,13.8,19.4,1.6,2.2,3.9,0.115,0.8,1.1,1.9,1.6,11445000,10,3.4,3.4,1.1,0.2,1.6,2934615.4,Peak - Above Avg,5.25,-1577080.383
ISAIAH JOE,25,OKC,SG,74,16,1604,14,0.617,0.793,0.095,2.8,10.1,6.6,9.7,1.4,0.6,5.8,17.2,2.9,2.2,5.1,0.153,1.4,-0.1,1.3,1.4,12991650,8.2,2.6,1.3,0.8,0.2,0.4,2547382.4,Rising - Above Avg,3.745,-4037224.347
COREY KISPERT,25,WAS,SF,61,0,1602,11,0.584,0.584,0.156,2.3,9.5,5.9,9.7,0.8,0.8,9.6,17.5,1,0.1,1.1,0.032,-1.4,-2.2,-3.7,-0.7,5705887,11.3,3.1,1.6,0.5,0.2,1.1,5187170,Rising - Below Avg,4.58,2032992.533
CARIS LEVERT,30,TOT,SG,64,3,1596,15.2,0.582,0.474,0.259,2.8,11,6.9,18.1,1.7,1.9,10.2,19.4,2.4,1.6,4,0.119,0.8,0.1,0.9,1.2,16615384,11.8,2.7,3.7,1,0.5,1.3,4153846,Veteran - Above Avg,5.895,3259404.12
MILES MCBRIDE,24,NYK,SG,64,10,1593,12.6,0.531,0.57,0.117,3.4,8.1,5.8,15.6,2.1,1,6.7,16.8,1.8,1.4,3.2,0.098,-0.4,0.4,0,0.8,4710144,9.8,2.6,3,0.9,0.2,0.9,1471920,Rising - Above Avg,4.92,-5974639.904
ISAIAH HARTENSTEIN,26,OKC,C,57,53,1590,18.9,0.599,0.04,0.244,11.2,29.6,20.6,18.3,1.4,3.9,15.3,16.7,3.2,3.6,6.8,0.205,0.6,2.6,3.2,2.1,30000000,12.2,12.3,4.1,0.8,1.3,1.8,4411764.7,Peak - Above Avg,7.255,7294834.204
GRADEY DICK,21,TOR,SG,54,54,1587,10.9,0.543,0.504,0.24,2.9,10.3,6.5,8.9,1.5,0.6,10.4,21,0.2,1.2,1.4,0.042,-1.9,-1.3,-3.2,-0.5,4763760,17.4,3.6,2.1,1,0.2,1.8,3402685.7,Rising - Below Avg,7.385,89167.04192
PAOLO BANCHERO,22,ORL,PF,46,46,1582,20,0.551,0.299,0.423,3.5,22.4,12.5,26,1.1,1.7,11.2,33.6,1.1,2.4,3.5,0.106,3.4,0.2,3.5,2.2,12160800,29,8.8,5.6,0.6,0.8,2.2,3474514.3,Rising - Above Avg,9.21,474317.6048
PATRICK WILLIAMS,23,CHI,PF,63,36,1576,9,0.512,0.527,0.161,2.9,12.7,7.9,10.3,1.4,1.8,13.5,16.9,-0.9,1.3,0.4,0.012,-3,-0.7,-3.7,-0.7,18000000,10.2,4.3,2.2,0.9,0.5,1.5,45000000,Rising - Below Avg,3.83,16664402.01
OBI TOPPIN,26,IND,PF,79,4,1545,17.4,0.642,0.503,0.19,4.1,18.7,11.5,11.9,1.4,1.6,9.5,20.1,2.7,1.6,4.3,0.135,1.8,-0.1,1.7,1.4,12975000,10.3,4.1,1.7,0.8,0.4,0.7,3017441.9,Peak - Above Avg,3.735,-1382678.371
GRAYSON ALLEN,29,PHO,SG,64,7,1544,13.7,0.631,0.716,0.233,2.5,11.3,7,12.5,1.7,1.2,12.2,17.6,2,0.6,2.5,0.079,0.7,-1,-0.3,0.7,15625000,10.4,3.2,1.8,0.9,0.3,1,6250000,Peak - Below Avg,4.77,7277512.575
SAM HAUSER,27,BOS,PF,71,19,1541,12.8,0.632,0.842,0.023,3.1,12.7,7.9,5.8,1.3,0.8,4.6,14.3,2.6,1.8,4.4,0.136,0.9,-0.1,0.8,1.1,2092344,7.9,3.1,1.1,0.8,0.2,0.3,475532.7,Peak - Above Avg,2.845,-12599233.87
ZIAIRE WILLIAMS,23,BRK,SF,63,45,1541,11.9,0.55,0.581,0.237,4.3,17.5,10.6,8.5,2,1.8,10.5,18.2,0.5,1.6,2.1,0.065,-2.2,-0.1,-2.3,-0.1,6133005,8.6,4.5,1.1,0.9,0.4,0.9,2920478.6,Rising - Below Avg,4.1,-878884.4371
GABE VINCENT,28,LAL,PG,72,11,1527,7.4,0.536,0.736,0.05,1.5,5.2,3.4,8.7,1.6,0.8,8.7,13.5,0.3,1,1.3,0.039,-3.8,-0.1,-4,-0.8,11000000,4.3,1.3,0.9,0.8,0.2,0.6,8461538.5,Peak - Below Avg,2.11,6659306.539
VICTOR WEMBANYAMA,21,SAS,C,46,46,1527,24.2,0.594,0.47,0.221,5.7,29.8,17.7,18.3,1.6,10.4,13.7,30.4,1,2.8,3.8,0.118,3.6,2.9,6.5,3.3,12768960,25.9,10.3,3.9,1,3.9,3.6,3360252.6,Rising - Above Avg,10.105,80779.11377
JERAMI GRANT,30,POR,PF,47,47,1524,10.9,0.523,0.516,0.289,1.8,10,5.8,9.5,1.3,2.7,9.1,19.4,0.6,1.2,1.8,0.057,-1.4,-0.3,-1.6,0.1,29793104,15,3.6,2.3,0.9,1,1.4,16551724.4,Veteran - Below Avg,4.695,23782913.05
KYLE FILIPOWSKI,21,UTA,C,72,27,1522,14.9,0.594,0.425,0.276,8,23.1,15.6,13.9,1.5,1.4,14.9,18.7,1.5,1,2.5,0.078,-0.6,-0.3,-1,0.4,3000000,5.9,4.3,1.8,0.5,0.1,1,1200000,Rising - Below Avg,2.79,-5347487.425
JA MORANT,25,MEM,PG,50,50,1519,19.3,0.563,0.321,0.359,2.4,11.8,7.1,36,1.9,0.7,15.2,32.2,2,1.5,3.5,0.112,3.1,-0.7,2.4,1.7,36725670,21.2,4.4,7.9,1.1,0.4,3.8,10493048.6,Rising - Above Avg,10.845,25039187.6
MATAS BUZELIS,20,CHI,SF,80,31,1511,12.5,0.571,0.479,0.195,3.9,15.2,9.6,7.2,0.9,4.3,10.9,18.7,0.5,1.4,1.9,0.06,-2,-0.5,-2.5,-0.2,5195520,5.1,2.7,0.5,0.3,0.8,0.6,2734484.2,Rising - Below Avg,2.43,-1148570.443
LAMELO BALL,23,CHO,PG,47,47,1505,19.1,0.536,0.526,0.228,3.3,13.4,8.2,43.8,1.8,0.8,13.1,35.9,0.9,1.1,2,0.065,4.1,-0.9,3.2,2,35147000,30.1,5.3,7.4,1.3,0.2,4.1,17573500,Rising - Below Avg,13.915,28469010.06
DALTON KNECHT,23,LAL,SF,78,16,1494,12.7,0.594,0.61,0.151,2.9,13.1,8.1,6.5,0.8,0.5,5.9,18.5,1.7,1,2.7,0.086,-0.1,-1.7,-1.8,0.1,3819120,10,3.4,1.1,0.4,0.1,0.6,1414488.9,Rising - Above Avg,4.14,-5196166.419
KEVIN PORTER JR.,24,TOT,SG,75,4,1482,15.4,0.531,0.271,0.259,3.2,17.3,10.4,25.9,2.7,0.9,15.8,25.4,-0.1,2.3,2.2,0.072,-1.6,0.9,-0.6,0.5,3366937,9.6,3.6,3.1,0.9,0.3,2.2,1530425.9,Rising - Below Avg,4.985,-3978851.934
D'ANGELO RUSSELL,28,TOT,PG,58,36,1480,14,0.522,0.564,0.227,1.5,11,6.2,31.2,1.9,1.5,13.3,24,0.7,1.3,1.9,0.063,0,-0.4,-0.4,0.6,18692307,12.6,2.7,5,0.8,0.2,1.7,9838056.3,Peak - Below Avg,6.59,12348216.56
LAURI MARKKANEN,27,UTA,PF,47,47,1476,15.6,0.571,0.57,0.264,5.3,14.9,10.1,7.5,1.1,1.1,7.8,24,1.8,0.3,2.2,0.07,1.8,-2.1,-0.3,0.7,42176400,19.5,6.4,1.9,0.8,0.3,1.5,19171090.9,Peak - Below Avg,6.35,34830611.07
LUKE KENNARD,28,MEM,SG,65,11,1472,13.6,0.631,0.606,0.132,2.7,10.4,6.6,18.5,1.6,0.3,13.6,14.5,2.6,1.3,3.9,0.127,0.9,0.2,1.1,1.2,9250000,8.4,2.9,3.2,0.7,0.1,0.9,2371794.9,Peak - Above Avg,4.49,-3772080.383
JAMAL SHEAD,22,TOR,PG,75,11,1467,9.9,0.499,0.442,0.137,2.1,6.4,4.2,29.8,1.9,0.7,18,18.6,-0.2,1.1,0.8,0.027,-3.2,-0.9,-4.1,-0.8,1862265,5,1.2,3.4,0.6,0.1,1.5,2327831.3,Rising - Below Avg,3.18,-808930.976
AARON GORDON,29,DEN,PF,51,42,1447,17,0.65,0.346,0.36,6.4,12.1,9.4,15,0.8,0.9,11.3,19,3.6,0.7,4.3,0.143,2.7,-1.5,1.2,1.2,22841455,13.7,5.8,3.1,0.5,0.2,1.4,5311966.3,Peak - Above Avg,4.905,8483776.629
ISAIAH STEWART,23,DET,C,72,4,1434,14.6,0.616,0.168,0.276,10.1,20.6,15.4,11.3,0.9,6.7,16.1,12.4,2.1,2.2,4.3,0.144,-1.6,2.1,0.6,0.9,15000000,5.9,6,1.8,0.5,1.2,1,3488372.1,Rising - Above Avg,3.715,642321.6287
BRICE SENSABAUGH,21,UTA,SF,71,15,1432,13.4,0.612,0.621,0.122,3.2,12.6,7.9,12,1.5,0.5,14.5,21.5,0.9,0.3,1.2,0.042,0.4,-1.6,-1.2,0.3,2571480,7.8,2.6,1.3,0.6,0.1,1.4,2142900,Rising - Below Avg,3.35,-1435313.964
GOGA BITADZE,25,ORL,C,70,42,1430,19.2,0.631,0.083,0.392,12.7,25,18.6,14.8,1.7,6.6,15.3,14.3,2.8,3,5.8,0.195,-0.3,2.8,2.5,1.6,9057971,9.9,8.5,2.4,0.9,1.6,1.5,1561719.1,Rising - Above Avg,5.57,-10308199.83
KEL'EL WARE,20,MIA,C,64,36,1422,17.4,0.603,0.239,0.144,9.1,27.5,18.4,6.5,1.4,4.8,10.4,17.2,1.7,2.5,4.1,0.14,-0.7,0.6,-0.1,0.7,4231800,5.2,2.5,0.4,0.4,0.8,0.5,1032146.3,Rising - Above Avg,2.215,-9458079.377
TARI EASON,23,HOU,PF,57,16,1420,18.5,0.567,0.329,0.186,9.4,17.9,13.6,8.5,3.3,3.2,9.7,19.4,2.1,2.9,5,0.169,1,2.6,3.6,2,3695160,11.3,6.3,1,1.9,1,0.8,739032,Rising - Above Avg,5.05,-12999814.85
ZACH EDEY,22,MEM,C,66,55,1416,18.2,0.624,0.12,0.293,17.5,23.4,20.5,6.1,1.2,5.5,15.3,16.4,2.7,2.2,4.9,0.165,-0.2,0.1,-0.1,0.7,5756880,11.1,8,1,0.8,1.1,1.6,1174873.5,Rising - Above Avg,5.47,-10604195.35
T.J. MCCONNELL,32,IND,PG,79,1,1415,18.4,0.547,0.079,0.123,3.5,11.6,7.6,37,2.8,1.3,14.2,23.4,1.5,1.7,3.2,0.109,0.6,0.6,1.2,1.2,9300000,10.8,2.6,4.3,1.2,0.3,1.6,2906250,Veteran - Above Avg,5.785,-1384783.904
TERANCE MANN,28,TOT,SG,67,13,1414,12,0.584,0.395,0.165,5.3,10.4,7.8,11.7,1.6,1,9.6,14.7,1.7,1.3,3,0.101,-1.4,0,-1.3,0.2,11423077,6.3,3.1,1.7,1,0.2,0.6,3807692.3,Peak - Below Avg,3.31,1406092.09
RYAN DUNN,22,PHO,SF,74,44,1410,10.7,0.517,0.553,0.082,7.5,13.5,10.6,5.7,1.5,2.7,7.5,16.7,0.2,0.7,1,0.034,-2.9,-1.2,-4.1,-0.7,2530800,6.3,2.9,0.9,0.6,0.7,0.5,2530800,Rising - Below Avg,2.955,-808194.9701
SAM MERRILL,28,CLE,SG,71,4,1401,11.1,0.583,0.868,0.068,3,8.9,6.1,9.6,1.8,0.9,7.4,14.3,1.8,1.5,3.3,0.113,-0.4,0.7,0.3,0.8,2164993,7,1.8,1.6,0.6,0.2,0.5,656058.5,Peak - Above Avg,3.31,-8853690.401
AYO DOSUNMU,25,CHI,SG,46,26,1394,12.8,0.585,0.421,0.176,2,10,6.1,20.2,1.4,1.1,12.5,16.6,1.6,1,2.5,0.087,-1.4,-0.2,-1.6,0.1,7000000,12.6,3.9,4.8,0.8,0.5,1.3,2800000,Rising - Above Avg,6.64,-1347487.425
TY JEROME,27,CLE,SG,70,3,1392,21,0.643,0.409,0.239,4,9.3,6.7,24.5,2.7,0.2,11.9,23.6,4.2,1.8,5.9,0.204,3.5,0.8,4.3,2.2,2560975,10.1,2.2,3.5,1.1,0,1.1,434063.6,Peak - Above Avg,5.2,-17139095.32
JULIAN STRAWTHER,22,DEN,SG,65,4,1384,9.5,0.559,0.553,0.185,1.4,9.5,5.6,7.6,1.4,1,9.8,17.8,0.5,0.8,1.3,0.043,-3.1,-1.4,-4.5,-0.9,2552520,9.1,2.2,1.3,0.7,0.4,0.8,1963476.9,Rising - Below Avg,4,-1788173.461
NICK SMITH JR.,20,CHO,SG,60,27,1369,8.3,0.502,0.539,0.081,1,9.1,5,16.7,0.6,0.4,12.2,20.8,-0.9,0.3,-0.5,-0.019,-3.2,-2.6,-5.7,-1.3,2587200,3.1,0.9,0.7,0.3,0.1,0.2,N/A,Rising - Below Avg,1.48,N/A
JAIME JAQUEZ JR.,23,MIA,SF,66,17,1368,14.3,0.543,0.258,0.307,6.8,16.5,11.7,17.9,2.2,1,15.7,20.2,0.5,1.8,2.3,0.081,-1.4,0.5,-0.9,0.4,3685800,8.4,4.6,2.3,1.1,0.1,1.4,1602521.7,Rising - Above Avg,4.305,-3993888.431
NICOLAS BATUM,36,LAC,PF,78,8,1367,10.3,0.633,0.853,0.088,4,14,9,7.8,1.9,2.6,12.1,9,1.5,2,3.5,0.124,-1.2,2,0.8,1,4668000,3.4,2.8,1.6,0.6,0.4,0.6,1333714.3,Veteran - Above Avg,1.87,-7018482.395
JOSE ALVARADO,26,NOP,PG,56,23,1366,13.4,0.523,0.593,0.142,2.1,8.9,5.4,27.3,2.6,1,13.4,19.8,0.7,0.5,1.2,0.043,-0.6,-0.8,-1.4,0.2,1988598,10.3,2.2,4.3,1.7,0.3,1.2,1657165,Peak - Below Avg,5.67,-2018195.964
JEREMY SOCHAN,21,SAS,PF,54,23,1364,15.9,0.589,0.194,0.267,10,17.7,13.8,13.7,1.6,1.8,13.8,19,1.7,1.1,2.7,0.096,-0.8,-0.4,-1.2,0.3,5570040,13.9,8.3,2.8,0.9,0.7,1.9,2062977.8,Rising - Above Avg,6.03,-3445246.419
LUKE KORNET,29,BOS,C,73,16,1361,19.6,0.683,0.011,0.346,15.2,15.8,15.5,11.9,1.3,4.8,8.8,11.4,4.8,2.2,7,0.246,1.6,1.7,3.3,1.8,2087519,4.7,5.1,1.6,0.5,1,0.4,298217,Peak - Above Avg,3.1,-21285445.79
TREY LYLES,29,SAC,PF,69,5,1349,12.3,0.551,0.636,0.214,6.6,19.6,13.1,7.9,1.5,1.7,8.7,14.3,1.3,1.2,2.6,0.091,-0.4,-0.3,-0.7,0.4,8000000,7.1,4.3,0.9,0.6,0.5,0.6,3076923.1,Peak - Below Avg,3.165,-681386.9222
JAKE LARAVIA,23,TOT,PF,66,0,1349,12.6,0.591,0.421,0.341,7.2,13.3,10.3,14.6,2.2,1.6,18.2,14.4,1.4,1.5,2.9,0.104,-0.8,1.1,0.2,0.8,3352680,8.1,4.5,3.2,0.9,0.5,1.6,1156096.6,Rising - Above Avg,3.48,-6330405.413
JUSTIN CHAMPAGNIE,23,WAS,SF,62,31,1340,15.7,0.614,0.47,0.178,8.6,18.6,13.6,6.8,2.3,2.6,10.9,15.6,1.6,1.2,2.8,0.1,-0.3,-0.2,-0.5,0.5,1800000,10.9,6.7,1.1,1.3,0.8,1.3,642857.1,Rising - Above Avg,5.44,-7549185.916
PAUL GEORGE,34,PHI,PF,41,41,1334,14.5,0.543,0.47,0.17,2,17.2,9.3,20.9,2.8,1.5,14.7,23.5,-0.2,1.2,1,0.036,-0.5,0.1,-0.4,0.5,49205800,16.3,5.5,4.5,1.8,0.5,2.7,49205800,Veteran - Below Avg,5.605,45866805.03
AUSAR THOMPSON,22,DET,SF,59,48,1328,17.2,0.568,0.107,0.309,9.3,15.9,12.6,14.4,3.5,2.9,13.3,19.1,1.5,2.4,3.8,0.138,-0.8,2.5,1.7,1.2,8376000,7.2,4.3,1.6,1.1,0.3,1.6,2204210.5,Rising - Above Avg,3.75,-4312180.886
DONOVAN CLINGAN,20,POR,C,67,37,1324,17.4,0.574,0.147,0.311,17.3,26.1,21.6,8.3,1.2,7.5,15.9,14.2,1.8,2.2,4,0.144,-1.7,1.4,-0.3,0.6,6836400,5.5,6,0.6,0.5,1.6,1.2,1709100,Rising - Above Avg,3.755,-6519579.88
JORDAN HAWKINS,22,NOP,SG,56,9,1321,9.6,0.504,0.597,0.176,2,11.2,6.5,7.3,1.1,1.7,8.8,21,-0.7,0.1,-0.5,-0.02,-2.4,-3,-5.4,-1.2,4525680,11.2,2.9,1.1,0.4,0.6,0.9,N/A,Rising - Below Avg,4.675,N/A
TYRESE MARTIN,25,BRK,SG,60,11,1315,10.9,0.533,0.606,0.125,4.8,14.6,9.5,14.6,1.3,0.7,13.1,18.8,0,0.9,0.9,0.033,-1.4,-1.2,-2.6,-0.2,635853,6.7,3.1,1.5,0.5,0.2,0.7,706503.3,Rising - Below Avg,3.28,-2369242.473
MASON PLUMLEE,34,PHO,C,74,21,1300,14.8,0.645,0.02,0.634,10.2,28.4,19.5,13.6,1.3,3.4,18.6,10.8,2.4,1.3,3.7,0.136,-1.5,1,-0.6,0.5,2087519,4.3,6.2,1.8,0.3,0.8,0.8,564194.3,Veteran - Above Avg,3.315,-10266762.39
JONATHAN MOGBO,23,TOR,PF,63,18,1286,11.9,0.496,0.197,0.23,8.9,17.3,13,15.3,2.1,2.5,15.1,15,0.3,1.6,1.9,0.071,-2.9,1,-1.9,0,1862265,5.1,4.3,1.6,0.8,0.5,0.9,980139.5,Rising - Below Avg,2.795,-4481825.443
JALEN JOHNSON,23,ATL,SF,36,36,1284,17.3,0.569,0.26,0.232,5.2,26,15.3,20.5,2,2.6,15.1,22.5,0.8,1.6,2.4,0.089,0.5,1.4,1.8,1.2,4510905,19.8,10.1,5.3,1.5,1.1,3,1879543.8,Rising - Above Avg,9.86,-3502682.928
MAX STRUS,28,CLE,SF,50,37,1273,12.6,0.607,0.786,0.091,4.6,13.6,9.2,15.6,1,0.9,12.2,14.7,2.2,1.3,3.4,0.13,1.1,0.2,1.3,1.1,15212068,6,4,2.8,0.3,0.3,0.7,4474137.6,Peak - Above Avg,3.435,3859485.102
JOHNNY JUZANG,23,UTA,SG,64,18,1270,11.8,0.573,0.661,0.112,3.6,12,7.8,7.9,1.5,0.6,6.7,17.6,1.3,0.3,1.6,0.06,-0.9,-1.4,-2.3,-0.1,3087519,7.1,2.5,0.9,0.4,0.1,0.5,1929699.4,Rising - Below Avg,3.13,-2254872.952
RON HOLLAND,19,DET,SF,81,2,1266,11.1,0.556,0.363,0.293,3.5,15.5,9.5,8.9,1.9,1.3,13.3,18.1,0.2,1.5,1.8,0.067,-3.3,0.3,-3,-0.3,8245320,6.3,2.9,0.7,0.4,0.1,0.9,4580733.3,Rising - Below Avg,2.825,2235129.054
JAVONTE GREEN,31,TOT,SG,68,19,1258,10.7,0.541,0.491,0.265,5,13.9,9.4,5.9,2.5,2.4,9.1,11.8,0.7,0.9,1.6,0.063,-2.8,0.5,-2.3,-0.1,2328350,5.9,3.1,0.7,1,0.6,0.7,1455218.8,Veteran - Below Avg,2.82,-3014041.952
NICK RICHARDS,27,TOT,C,57,43,1256,16.6,0.634,0.006,0.461,13.1,27.5,20.4,5.9,0.5,4.2,16.3,17.3,1.8,1.2,3,0.114,-2,-1.3,-3.3,-0.4,5000000,9.3,7.6,1.4,0.3,1.3,1.7,1666666.7,Peak - Above Avg,4.955,-5016984.91
DEAN WADE,28,CLE,PF,59,30,1252,10.1,0.563,0.819,0.111,4.5,16.6,10.8,7.3,1.6,1.4,7.2,10.4,1.3,1.7,3,0.113,-1,1.2,0.3,0.7,6166667,6.2,5.2,1.5,1,0.6,0.2,2055555.7,Peak - Above Avg,3.39,-3850317.91
RICKY COUNCIL IV,23,PHI,SF,73,12,1250,11.6,0.502,0.46,0.33,4.4,15.4,9.7,11.4,1.3,1,8.9,20.3,0.1,0.5,0.6,0.023,-2,-2.3,-4.3,-0.7,1891857,5.7,2.1,0.7,0.3,0.2,0.4,3153095,Rising - Below Avg,2.44,-111539.982
BOBBY PORTIS,29,MIL,PF,49,7,1244,17.7,0.542,0.299,0.123,8.2,27,18,12.9,1.4,1.9,8.3,24.1,0.9,1.9,2.7,0.106,0.6,-0.4,0.2,0.7,12578286,14.1,8.1,2.2,0.7,0.6,1.3,4658624.4,Peak - Below Avg,5.94,3562999.581
JEREMIAH ROBINSON-EARL,24,NOP,PF,66,9,1239,12.9,0.563,0.473,0.159,9.3,18.4,13.7,9.9,1.5,0.5,12.1,14.4,1.3,0.5,1.7,0.067,-0.9,-1.6,-2.5,-0.2,2196970,6.6,4.7,1.2,0.8,0.1,0.8,1292335.3,Rising - Below Avg,3.115,-3479321.449
SIMONE FONTECCHIO,29,DET,SF,75,0,1237,9.7,0.544,0.609,0.225,4.7,14.5,9.6,6.9,1.2,0.9,11.6,15.8,0.4,1.2,1.6,0.063,-2.2,-0.7,-2.9,-0.3,7692308,6.4,2.8,0.9,0.3,0.2,0.8,4807692.5,Peak - Below Avg,2.865,2349916.048
COLE ANTHONY,24,ORL,PG,67,22,1234,14.2,0.531,0.401,0.208,4.1,15.5,9.5,25.5,1.8,2.5,14.8,24.6,0,2,2,0.078,-0.8,0.9,0.1,0.7,12900000,6.3,2.3,2.5,0.4,0.2,1.5,6450000,Rising - Below Avg,3.39,6222010.06
BEN SHEPPARD,23,IND,SG,63,9,1228,9.2,0.555,0.693,0.094,4,12,8,8.6,1.5,1,6.9,11.3,1,1,2.1,0.081,-2.2,0.2,-2,0,2663880,5.4,2.5,1,0.5,0.3,0.3,1268514.3,Rising - Above Avg,2.59,-4348009.437
DANIEL GAFFORD,26,DAL,C,57,31,1226,24.7,0.716,0,0.486,14.1,20.3,17.2,10.2,0.9,7.1,11.9,19.5,4.4,1.5,5.9,0.232,2.7,1.1,3.8,1.8,13394160,11.9,6.2,1.2,0.5,1.4,1.1,2270196.6,Peak - Above Avg,5.045,-6305910.323
JOHN COLLINS,27,UTA,PF,40,31,1220,19,0.628,0.279,0.309,7.9,20.9,14.4,10.8,1.5,3.1,14.6,24.2,1.7,0.8,2.5,0.098,1.4,-0.4,1,0.9,26580000,17.7,8.2,2.5,1.1,0.8,2.6,10632000,Peak - Below Avg,6.815,18232512.57
CALEB MARTIN,29,TOT,SF,45,24,1218,9.6,0.513,0.339,0.322,4.8,11.7,8.2,10.7,1.9,1.8,13.9,14.4,0,0.7,0.6,0.025,-2.9,-0.2,-3.2,-0.4,9186594,9,4.3,2.1,1.1,0.5,1.5,15310990,Peak - Below Avg,4.41,7183197.018
BRANDON CLARKE,28,MEM,PF,64,18,1207,17.6,0.638,0.045,0.229,11.3,17.3,14.3,7.4,2,2.7,8.9,15.3,2.7,1.7,4.4,0.174,0,0.8,0.8,0.9,12500000,7.4,5.2,1,0.8,0.5,0.5,2840909.1,Peak - Above Avg,3.57,-2191577.868
DEANDRE AYTON,26,POR,C,40,40,1206,17.7,0.583,0.068,0.128,10.9,26,18.2,8.5,1.2,2.9,12.2,19.4,1.2,1.6,2.8,0.113,-0.3,-0.4,-0.7,0.4,34005126,14.3,10,1.4,0.9,1,1.8,12144687.9,Peak - Above Avg,6.795,24655940.08
JARACE WALKER,21,IND,PF,75,5,1187,11.9,0.59,0.514,0.192,2.4,19,10.8,12.2,2.2,1.9,16.7,17.1,0.1,1.5,1.6,0.065,-1.8,0.8,-0.9,0.3,6362520,6.5,3.3,1.5,1.1,0.3,1.2,3976575,Rising - Below Avg,2.71,1020128.048
CLINT CAPELA,30,ATL,C,55,41,1176,17.7,0.564,0.003,0.249,15.8,28.2,21.8,7.4,1.4,4.1,9.8,16.7,1.7,1.5,3.2,0.131,-0.6,-0.4,-1,0.3,22265280,9.4,9,1.3,0.6,0.9,0.9,6957900,Veteran - Above Avg,5.39,11580496.1
CODY MARTIN,29,TOT,SF,53,8,1173,11.3,0.509,0.465,0.188,4.8,15.9,10.3,13,2.4,2.7,12.7,14.7,0.1,1.2,1.3,0.054,-2.8,1.1,-1.7,0.1,8120000,8.3,4.7,2.3,1.1,0.7,1.1,6246153.8,Peak - Below Avg,4.36,3779306.539
MARK WILLIAMS,23,CHO,C,44,41,1171,23.9,0.647,0.009,0.365,11.8,29.3,20.3,16.5,1.3,4.5,12,21.4,3.1,1.6,4.7,0.195,2.5,0.9,3.5,1.6,4094280,12.5,7.4,2,0.5,1,0.8,871123.4,Rising - Above Avg,5.465,-11598996.36
PRECIOUS ACHIUWA,25,NYK,C,57,10,1170,13.6,0.53,0.11,0.211,10,21,15.5,6.2,2,3.3,11.2,14.9,0.7,1.7,2.3,0.095,-2.1,0.2,-1.9,0,6000000,5.4,6.4,1.1,0.6,0.8,1,2608695.7,Rising - Above Avg,3.65,-1679688.431
JUSTIN EDWARDS,21,PHI,SF,44,26,1155,11.3,0.559,0.503,0.122,4.3,10.4,7.3,8.9,1.9,1.4,11,16.9,0.4,0.5,0.9,0.039,-2.1,-1.6,-3.7,-0.5,425619,2,0.5,0.5,0.5,0,0.3,472910,Rising - Below Avg,0.9,-2579476.473
JONATHAN KUMINGA,22,GSW,PF,47,10,1144,15.7,0.535,0.266,0.414,5.1,15.6,10.2,14.6,1.6,1.7,9.6,27.4,0.5,1.5,1.9,0.08,-0.5,-0.1,-0.6,0.4,7636307,16.9,5.1,2.2,0.9,0.6,1.5,4019108.9,Rising - Below Avg,5.48,1292216.557
KEVON LOONEY,28,GSW,C,76,6,1142,17,0.535,0.018,0.356,16.9,26.9,21.8,14.3,2,3.1,10.8,13.3,2.2,2.1,4.3,0.182,-1,1.3,0.3,0.7,8000000,4.9,6.8,1.7,0.7,0.2,0.6,1860465.1,Peak - Above Avg,3.525,-6357678.371
KENRICH WILLIAMS,30,OKC,PF,69,7,1132,13.7,0.587,0.483,0.11,6.3,16.3,11.4,11,1.8,0.9,9.5,15.4,1.6,1.9,3.6,0.151,-0.4,0.9,0.6,0.7,6669000,6.3,3.1,1,0.7,0.2,0.4,1852500,Veteran - Above Avg,2.51,-5351381.892
JULIAN PHILLIPS,21,CHI,SF,79,5,1123,10.2,0.571,0.533,0.265,6.4,9.4,7.9,4.4,1.6,1.5,7.8,12.9,1,0.8,1.9,0.08,-2.6,-0.4,-3,-0.3,1891857,4.6,2,0.5,0.5,0.2,0.4,995714.2,Rising - Below Avg,2.075,-4452233.443
AARON NESMITH,25,IND,SF,45,37,1123,14.6,0.653,0.515,0.211,3.7,13.9,8.8,6.6,1.5,1.4,8.2,17.4,1.9,1,2.9,0.126,0,-0.5,-0.5,0.4,11000000,9.2,4,1,0.7,0.3,0.8,3793103.4,Rising - Above Avg,4.095,1316914.587
DALANO BANTON,25,POR,PG,67,7,1120,12.9,0.497,0.438,0.247,2.8,10.4,6.5,21.5,1.9,2.8,13.3,24.1,-0.3,1.1,0.8,0.033,-0.6,-0.2,-0.8,0.3,2196970,9.2,2.2,2.5,0.8,0.5,1.7,2746212.5,Rising - Below Avg,4.475,-474225.976
BEN SIMMONS,28,TOT,PG,51,24,1120,12.4,0.539,0,0.148,4.6,20.3,12.2,37,1.7,2,30,13.2,0.5,1.3,1.8,0.078,-2.3,1.8,-0.5,0.4,40011909,5.9,5.2,6.9,0.8,0.5,2.8,22228838.3,Peak - Below Avg,5.16,34001718.05
JA'KOBE WALTER,20,TOR,SG,52,18,1103,10.8,0.523,0.473,0.211,5.6,10.1,7.8,10.2,1.9,0.9,10.4,18.2,0.3,0.9,1.2,0.052,-2.3,-0.6,-3,-0.3,3465000,8.3,2.8,1.6,0.5,0.3,0.9,2887500,Rising - Below Avg,3.845,-541793.9641
JAXSON HAYES,24,LAL,C,56,35,1093,15.8,0.72,0.013,0.439,8.3,19.1,13.9,7.5,1.4,4.4,13.9,12.4,2.3,1.4,3.7,0.162,-1.6,1.3,-0.3,0.5,2463946,5.9,4.4,0.7,0.4,0.8,0.7,665931.4,Rising - Above Avg,3.02,-9890335.389
CAMERON PAYNE,30,NYK,PG,72,5,1090,13.8,0.532,0.574,0.121,1.5,9.4,5.5,25.5,1.8,1.4,10,20.8,1.3,1,2.3,0.099,-0.1,-0.2,-0.2,0.5,2087519,6.8,1.6,2.8,0.6,0.3,0.6,907617,Veteran - Above Avg,3.64,-5592169.431
JONATHAN ISAAC,27,ORL,PF,71,1,1090,16.6,0.512,0.466,0.33,12,21.5,16.5,5.5,2.8,7,8.2,16.2,0.8,2.5,3.4,0.148,-1.1,1.8,0.7,0.7,25000000,5.7,4.6,0.4,0.8,1.3,0.6,7352941.2,Peak - Above Avg,3.26,13647417.1
DAQUAN JEFFRIES,27,CHO,SG,47,20,1071,7.9,0.518,0.564,0.103,3.6,10,6.7,7.2,1.2,2.3,10.3,13.5,0,0.6,0.6,0.027,-4,-0.7,-4.7,-0.7,2425404,7.5,2.9,0.6,0.6,0.6,0.8,4042340,Peak - Below Avg,3.245,422007.018
SETH CURRY,34,CHO,SG,68,14,1062,12.2,0.616,0.531,0.114,2.4,9.1,5.7,8.8,1.3,0.6,8.2,15.7,1.3,0.5,1.8,0.08,-0.8,-0.9,-1.7,0.1,2087519,5.2,1.4,0.5,0.5,0.2,0.3,1159732.8,Veteran - Below Avg,2.235,-3922671.946
CODY WILLIAMS,20,UTA,SG,50,21,1060,3.7,0.419,0.525,0.156,2.8,8.7,5.7,7.4,1,1.4,13.8,12.5,-1.2,0.1,-1.2,-0.053,-6.1,-1.2,-7.3,-1.4,5469120,3.5,2.3,1.2,0.4,0.3,0.8,N/A,Rising - Below Avg,1.955,N/A
ISAAC OKORO,24,CLE,SG,55,22,1053,10.7,0.587,0.566,0.172,5.2,8.1,6.7,8,1.5,1.4,7.4,12.5,1.5,1,2.5,0.115,-1.1,0.6,-0.5,0.4,10185186,6.6,2.3,1.7,0.7,0.4,0.4,4074074.4,Rising - Above Avg,3.275,1837698.575
OSO IGHODARO,22,PHO,PF,61,6,1045,11.1,0.61,0.011,0.267,7.2,16.2,11.9,9.1,1.3,2.6,15.7,10.5,1.1,0.6,1.6,0.075,-2.9,0.3,-2.6,-0.2,1157153,3.8,3.7,0.9,0.5,0.3,0.6,723220.6,Rising - Below Avg,2.22,-4185238.952
JARED BUTLER,24,TOT,SG,60,17,1044,15.6,0.549,0.373,0.201,2.5,9.3,5.8,33.8,2,1.2,14,23.6,1,0.4,1.4,0.063,0.5,-1.5,-1,0.3,745726,5.1,0.9,2.3,0.3,0.1,0.8,532661.4,Rising - Below Avg,2.74,-3928866.958
JAMISON BATTLE,23,TOR,SF,59,10,1042,10.7,0.59,0.746,0.052,3.7,12.8,8.1,7.1,0.8,0.9,7.1,15.3,1,0.7,1.7,0.079,-0.9,-1.3,-2.3,-0.1,1000000,6,1.9,1,0.1,0.1,0.4,588235.3,Rising - Below Avg,2.5,-4676291.449
NOAH CLOWNEY,20,BRK,PF,46,20,1042,9.2,0.516,0.702,0.215,4.5,15.8,9.9,5.9,1.1,2,10.2,19,-0.3,0.8,0.5,0.023,-3.1,-1,-4.1,-0.5,3244080,8.7,3.6,0.7,0.3,0.5,0.8,6488160,Rising - Below Avg,3.195,1574582.515
ALEX CARUSO,30,OKC,SG,54,3,1041,15.9,0.568,0.541,0.162,4,12.2,8.2,16.6,4,2.9,9.9,15.2,1.6,2.3,3.9,0.18,0.1,3.9,4,1.6,9890000,5.5,2.9,2.5,1.9,0.6,0.8,2535897.4,Veteran - Above Avg,3.47,-3132080.383
KRIS MURRAY,24,POR,SF,69,6,1040,9.1,0.472,0.43,0.204,7.7,11.3,9.5,9,1.6,1.5,12.4,13.9,-0.2,0.9,0.7,0.033,-3.1,0.1,-3,-0.3,2990040,3.9,2.1,0.7,0.4,0.1,0.6,4271485.7,Rising - Below Avg,1.905,652743.521
DEJOUNTE MURRAY,28,NOP,PG,31,31,1012,15.4,0.494,0.352,0.251,1.8,20.1,10.7,34.6,3,1.1,16.2,27.3,-0.7,0.9,0.2,0.009,-1.3,-0.3,-1.6,0.1,29517135,15.5,6.4,7.7,2.4,0.5,3.9,147585675,Peak - Below Avg,9.24,28849336.01
JALEN SUGGS,23,ORL,PG,35,35,1002,14.4,0.536,0.503,0.229,2.5,14.2,8.1,21.6,2.5,3.2,16.2,27.5,-0.7,1.8,1.1,0.052,-0.8,1.3,0.4,0.6,9188385,16.4,4.1,3.7,1.5,1,2.9,8353077.3,Rising - Below Avg,7.745,5515490.533
KYLE ANDERSON,31,TOT,PF,61,4,1002,15.1,0.538,0.231,0.215,5.7,16.8,11.2,20.7,2,3.1,10,15.9,1.3,1.5,2.8,0.135,-0.6,2.2,1.5,0.9,8780488,5.1,2.9,2.1,0.7,0.4,0.5,3135888.6,Veteran - Above Avg,2.26,-568697.9162
BRANDON BOSTON JR.,23,NOP,SG,42,10,993,12.7,0.535,0.367,0.223,3,11.9,7.3,13.7,2.6,0.9,11.1,20,0.2,0.5,0.7,0.033,-2.3,-0.2,-2.5,-0.1,596581,11.6,3.4,2.7,1.4,0.3,1.3,852258.6,Rising - Below Avg,5.625,-1740715.479
DALEN TERRY,22,CHI,SG,73,5,987,9.6,0.546,0.388,0.257,4.1,9,6.6,12.7,2.1,1.3,15.1,14.9,0.2,0.8,1.1,0.052,-4,0.2,-3.8,-0.5,3510480,4.2,1.5,1.1,0.5,0.3,0.9,3191345.5,Rising - Below Avg,2.105,-162414.4671
ANDRE JACKSON JR.,23,MIL,SG,67,43,980,8.6,0.554,0.386,0.122,7.5,12.5,10.1,10.9,1.7,1.3,21.8,11.9,0.1,1,1.2,0.059,-3.6,0.2,-3.4,-0.3,1891857,3.6,3.1,1.4,0.6,0.2,1.2,1576547.5,Rising - Below Avg,2.18,-2114936.964
ZACH COLLINS,27,TOT,PF,64,12,977,16,0.605,0.351,0.258,11.1,19.9,15.6,15.6,1.4,2.6,15.1,17.1,1.7,1,2.7,0.132,-0.8,0.8,0,0.5,16741200,5.6,3.3,1.7,0.5,0.5,0.8,6200444.4,Peak - Above Avg,2.5,7725913.581
TRAYCE JACKSON-DAVIS,24,GSW,C,62,37,967,18.5,0.587,0.01,0.338,13.2,21.7,17.3,16.1,1.2,3.7,11.5,17.1,1.9,1.4,3.4,0.167,0.3,0.9,1.2,0.8,1891857,8.5,5.8,2.1,0.3,0.9,0.8,556428.5,Rising - Above Avg,4.045,-9460725.898
THOMAS BRYANT,27,TOT,C,66,8,963,17.2,0.614,0.461,0.199,9.7,19.2,14.5,7.6,1.4,3.9,7.9,17.1,1.8,1.2,3.1,0.152,0.7,0,0.6,0.6,2087519,4.4,3.1,0.4,0.3,0.6,0.2,673393.2,Peak - Above Avg,2.19,-8263365.407
JALEN SMITH,24,CHI,C,64,2,962,18.7,0.586,0.544,0.218,9.9,28.7,19.5,9.7,0.8,4,7.6,21,1.7,1.3,2.9,0.146,1.5,-0.6,0.9,0.7,8571429,7.8,5.4,0.7,0.4,0.7,0.6,2955665.2,Rising - Above Avg,3.72,-1111656.413
JORDAN CLARKSON,32,UTA,SG,37,9,962,14.5,0.54,0.471,0.29,2.8,10.4,6.6,22.9,1.5,0.9,13.4,27.8,0.2,0.2,0.4,0.021,0.6,-2.1,-1.5,0.1,14092577,16.7,3.5,4,0.9,0.3,2.6,35231442.5,Veteran - Below Avg,7.775,12756979.01
GARY PAYTON II,32,GSW,SG,62,11,927,16.2,0.635,0.319,0.128,6,15.8,10.7,13.5,2.7,1.7,11,16.1,1.5,1.5,3,0.155,-0.5,2,1.4,0.8,9130000,4.6,2.8,1.2,0.7,0.4,0.5,3043333.3,Veteran - Above Avg,2.45,-886984.9102
BRANDON MILLER,22,CHO,SF,27,27,924,14,0.54,0.597,0.161,2.8,12.5,7.6,18.3,1.5,2.1,12.6,27.7,-0.2,0.7,0.4,0.023,0.8,-0.8,0,0.4,11424600,21.4,5.1,3.7,1.1,0.7,2.8,28561500,Rising - Below Avg,8.67,10089002.01
BRUCE BROWN,28,TOT,PG,41,12,922,10.9,0.504,0.262,0.21,4.5,14.9,9.6,12.8,1.8,1,10.4,17.2,0.1,0.6,0.7,0.035,-3.2,-0.6,-3.8,-0.4,23000000,6.7,2,1,0.7,0,0.3,32857142.9,Peak - Below Avg,3.035,20662703.52
IMMANUEL QUICKLEY,25,TOR,PG,33,33,918,17.5,0.57,0.514,0.292,1.8,12.1,6.8,31.5,1.2,0.4,10.5,25.1,1.8,0.6,2.5,0.128,3.2,-1,2.2,1,32500000,15.6,2.8,7.6,0.4,0,1.6,13000000,Rising - Above Avg,8.48,24152512.57
TRENDON WATFORD,24,BRK,PF,44,6,913,13,0.557,0.251,0.349,4.4,16,9.9,21,1.5,1.3,17.1,23.3,0,0.8,0.7,0.038,-2.3,-0.8,-3.1,-0.3,2726603,8.3,2.8,1.2,0.4,0.3,1.2,3895147.1,Rising - Below Avg,2.79,389306.521
KJ MARTIN,24,TOT,PF,43,16,912,10.2,0.618,0.289,0.234,3.6,11.8,7.6,7.4,0.9,2.3,9.8,11.5,1.1,0.2,1.3,0.068,-3.2,-0.3,-3.6,-0.4,7975000,6.4,3,0.8,0.5,0.7,0.5,6134615.4,Rising - Below Avg,2.615,3634306.539
JADEN HARDY,22,DAL,SG,57,3,907,10.4,0.549,0.476,0.208,1.1,9.4,5.3,13.2,1.5,0.5,15.4,25.3,-0.8,0.5,-0.3,-0.016,-2.8,-1.9,-4.7,-0.6,2019699,7.1,1.5,1.3,0.6,0.1,1.4,N/A,Rising - Below Avg,3.21,N/A
DAY'RON SHARPE,23,BRK,C,50,2,907,19.7,0.568,0.142,0.233,17.8,23.8,20.7,16.8,2.3,4.6,15.3,19.9,1.3,1.4,2.7,0.141,0,0.9,0.9,0.7,3989122,6.8,5.6,1.2,0.9,0.5,1.2,1477452.6,Rising - Above Avg,3.605,-5026164.419
ADEM BONA,21,PHI,C,58,11,905,16.5,0.714,0.005,0.521,11.1,19.9,15.3,4.4,1.4,7.5,20.5,14.3,1.4,0.9,2.3,0.121,-2.9,0.2,-2.7,-0.2,1157153,1.5,1.8,0.1,0.1,0.5,0.4,503110,Rising - Above Avg,1.095,-6522535.431
TRE JONES,25,TOT,PG,46,9,905,16.3,0.617,0.202,0.282,3.7,9.9,6.8,28.6,1.9,1,11.6,14.1,2.3,0.6,2.9,0.155,0.5,1,1.5,0.8,9104167,3.4,2.3,3.8,0.6,0.3,0.8,3139367.9,Rising - Above Avg,2.87,-578918.4132
JADEN IVEY,22,DET,SG,30,30,898,14.7,0.569,0.373,0.281,5,10.3,7.6,19.7,1.5,1.2,16.1,26,0.3,0.8,1.2,0.062,0.8,-0.8,0,0.5,7977240,17.6,4.1,4,0.9,0.4,3,6647700,Rising - Below Avg,8.15,3970446.036
KELLY OLYNYK,33,TOT,C,44,22,891,14.9,0.609,0.295,0.403,7.3,17.9,12.4,20.5,1.8,2,19.4,18.5,1,0.7,1.7,0.092,-1.1,0.4,-0.7,0.3,12804878,7.2,4.1,2.1,0.8,0.3,1.7,7532281.2,Veteran - Below Avg,3.085,7128586.551
CHET HOLMGREN,22,OKC,C,32,32,877,19.2,0.599,0.34,0.393,6,25,15.7,9.7,1.3,8.2,12.3,22,1.1,2,3.2,0.173,0.5,1.9,2.4,1,10880640,16.4,8.7,2,0.8,2.6,2.3,3400200,Rising - Above Avg,7.225,195856.0958
NEEMIAS QUETA,25,BOS,C,62,6,863,16.3,0.674,0.015,0.3,11.2,18.5,14.9,7.4,1,4.5,14.8,13.7,1.8,1.4,3.2,0.179,-1.7,1,-0.7,0.3,2162606,5.5,4.4,0.7,0.3,0.9,0.7,675814.4,Rising - Above Avg,2.955,-8522177.904
ALEC BURKS,33,MIA,SG,49,14,863,12.8,0.608,0.764,0.181,1.9,13.8,7.9,9.1,1.6,0.8,9,16.5,0.9,0.9,1.8,0.1,0,0.3,0.3,0.5,2087519,6.4,2,1.1,0.6,0.2,0.3,1159732.8,Veteran - Above Avg,2.945,-3922671.946
CHRIS BOUCHER,32,TOR,PF,50,0,862,18.7,0.615,0.522,0.235,8.5,19.6,13.9,5.9,1.3,2.8,6.6,21.2,1.7,1,2.7,0.148,2.9,-0.6,2.3,0.9,10810000,9.9,4.2,0.7,0.6,0.6,0.7,4003703.7,Veteran - Above Avg,3.72,1794713.581
ZION WILLIAMSON,24,NOP,PF,30,30,857,27.3,0.6,0.026,0.474,9.3,18.2,13.6,36.6,2.1,3,12.8,34.7,1.9,0.6,2.5,0.141,5.9,1,7,1.9,36725670,22.7,8,5.3,0.7,1.2,3.7,14690268,Rising - Above Avg,7.805,28378182.57
KHRIS MIDDLETON,33,TOT,SF,37,21,843,16.7,0.588,0.395,0.249,1.7,15.4,8.7,26.8,2,0.9,13,22,1.2,0.8,2,0.116,0.4,0.3,0.7,0.6,31000000,13.6,4.2,5.2,0.9,0.2,2.4,15500000,Veteran - Above Avg,6.325,24322010.06
SHAKE MILTON,28,TOT,SG,57,2,837,11.9,0.563,0.417,0.232,4.2,9.9,7,18.3,1.5,0.5,12.5,16.7,0.8,0.5,1.3,0.077,-1.7,-0.5,-2.2,0,2875000,7,2,2.3,0.5,0.1,0.7,2211538.5,Peak - Below Avg,3.555,-1465693.461
DERECK LIVELY II,20,DAL,C,36,29,833,20.1,0.704,0,0.382,13.9,21.3,17.7,14.3,1.2,5.7,15.5,13.6,2.4,1,3.4,0.199,1.1,2.2,3.3,1.1,5014560,8.6,7.8,2.6,0.6,1.7,1.2,1474870.6,Rising - Above Avg,5.05,-6338022.898
GARRISON MATHEWS,28,ATL,SG,47,2,830,11.2,0.606,0.848,0.304,1.7,10,5.7,9.3,1.5,1.7,9.6,15.9,1,0.5,1.5,0.087,-1.1,-0.5,-1.6,0.1,2230253,8.6,1.4,1.5,0.7,0.3,0.6,1486835.3,Peak - Below Avg,3.815,-2778239.455
CAM WHITMORE,20,HOU,SF,51,3,827,15.5,0.549,0.454,0.179,4.5,15.1,9.7,8.9,1.8,1.4,9.6,23.9,0.6,1.2,1.8,0.106,0.7,-0.4,0.3,0.5,3379080,9.1,2.7,0.6,0.4,0.1,0.7,1877266.7,Rising - Above Avg,3.595,-2631110.946
RYAN ROLLINS,22,MIL,PG,56,19,820,14,0.6,0.443,0.166,2.9,11.1,7.2,17.8,2.5,1.9,15.4,18.4,0.7,1,1.7,0.101,-1.4,0.9,-0.5,0.3,1091887,4.4,1.8,1.1,0.9,0.4,0.9,642286.5,Rising - Above Avg,2.285,-4584404.449
MARCUS SASSER,24,DET,PG,57,1,811,14,0.589,0.514,0.172,2.5,6.9,4.7,22.9,2.2,0.5,14.5,19.4,1,0.8,1.8,0.108,-0.4,-0.2,-0.6,0.3,2755080,5.7,1,1.9,0.8,0.1,0.9,1530600,Rising - Above Avg,2.92,-3255110.946
STEVEN ADAMS,31,HOU,C,58,3,794,16.6,0.541,0.012,0.557,21.8,22,21.9,10.9,1.3,3.2,20.6,13.6,1,1.3,2.3,0.137,0,0.3,0.3,0.5,12600000,2.8,4,1.1,0.2,0.2,1,5478260.9,Veteran - Above Avg,2.05,4920311.569
AARON HOLIDAY,28,HOU,PG,62,3,792,12.2,0.594,0.675,0.153,1.7,8.9,5.2,14.3,1.2,1.2,11.5,16.8,1.2,0.8,2,0.122,-0.4,0.1,-0.2,0.3,4668000,3.7,1,1.1,0.3,0.1,0.3,2334000,Peak - Above Avg,1.84,-2009989.94
CALEB HOUSTAN,22,ORL,SF,58,6,788,9.4,0.605,0.842,0.089,2.6,8.6,5.5,6.4,1.4,0.7,6.2,11.7,0.9,0.9,1.8,0.109,-2.4,0.2,-2.2,0,2019699,2,0.6,0.3,0.2,0.1,0,1122055,Rising - Above Avg,0.85,-3990491.946
JAYLIN WILLIAMS,22,OKC,PF,47,9,784,16.4,0.594,0.692,0.136,6.7,28.7,17.9,19,1.3,3.7,13,14.6,1.5,1.7,3.3,0.199,1.5,2.7,4.3,1.2,2019699,4.4,2.9,2,0.3,0.3,0.3,612030,Rising - Above Avg,2.03,-8998984.401
PELLE LARSSON,23,MIA,SG,55,8,782,10.2,0.546,0.468,0.3,4,9,6.5,11.6,2,0.9,9.5,14.4,0.6,0.8,1.4,0.086,-3.8,0.7,-3.1,-0.2,1157153,5.1,1.7,1.3,0.5,0,0.5,826537.9,Rising - Above Avg,2.51,-3517439.958
CAM THOMAS,23,BRK,SG,25,23,781,18,0.575,0.43,0.333,2.1,10.4,6,22.9,1,0.3,10.6,32.6,0.8,0.4,1.2,0.071,2.8,-2.6,0.3,0.5,4041249,24.7,3.6,3.4,0.7,0.1,2.7,3367707.5,Rising - Below Avg,10.335,34455.03593
LINDY WATERS III,27,TOT,SG,52,9,778,8.8,0.504,0.747,0.044,2.7,12.8,7.6,9.1,1.7,1.3,7.3,14.8,0.1,0.9,1,0.062,-3,0.2,-2.8,-0.2,2196970,5.5,2.6,1.3,0.7,0.2,0.3,2196970,Peak - Below Avg,2.78,-1142024.97
LONZO BALL,27,CHI,PG,35,14,777,12.2,0.524,0.802,0.111,3.4,12.3,8,18.9,2.8,1.9,13.9,15.9,0.3,0.9,1.2,0.075,-1.5,1.7,0.2,0.4,21395348,5.3,3.4,3.7,1.3,0.5,1.1,17829456.7,Peak - Below Avg,3.75,17388554.04
ORLANDO ROBINSON,24,TOT,C,44,8,770,12.9,0.519,0.199,0.268,12.1,18.7,15.4,14,1.1,2,14.4,18.5,0.4,0.8,1.2,0.072,-3,-0.4,-3.4,-0.3,1691610,2,1.5,1.1,0.3,0.1,0.4,1409675,Rising - Below Avg,1,-2315183.964
ERIC GORDON,36,PHI,SG,39,13,768,10.8,0.591,0.672,0.235,1.1,5.8,3.4,12,1.7,1.5,11.1,14.4,0.7,0.2,0.9,0.053,-0.8,-0.8,-1.6,0.1,3303771,5.3,1,1.3,0.6,0.3,0.7,3670856.7,Veteran - Below Avg,2.53,298675.5269
GUI SANTOS,22,GSW,PF,56,2,762,11.7,0.575,0.575,0.235,9.9,14.5,12.1,14.2,1.6,1.2,17.5,13.2,0.8,0.9,1.7,0.11,-2.2,0.5,-1.7,0.1,1891857,0.8,0.9,0.4,0,0.2,0.3,1112857.1,Rising - Above Avg,0.535,-3784434.449
LANDRY SHAMET,27,NYK,SG,50,0,762,9.7,0.601,0.678,0.078,1.7,7.5,4.6,4.7,1.5,0.2,8.5,14.8,0.5,0.5,1,0.065,-1.9,-0.6,-2.4,-0.1,1343690,3.2,0.5,0.7,0.8,0,0.2,1343690,Peak - Below Avg,1.575,-1995304.97
SVI MYKHAILIUK,27,UTA,SF,38,13,760,9.8,0.526,0.672,0.116,3.1,9.6,6.4,14.7,1.2,0.9,14.1,20.3,-0.2,0.1,-0.1,-0.009,-1.4,-2.1,-3.5,-0.3,3500000,7.7,1.5,1.3,0.8,0.2,1.4,N/A,Peak - Below Avg,3.085,N/A
ANDRE DRUMMOND,31,PHI,C,40,23,751,16,0.535,0.085,0.385,15.8,31.6,23.4,6.8,2.6,2.4,16.7,19.1,0.2,1,1.2,0.078,-2.4,-0.8,-3.2,-0.2,5000000,7,8.1,0.6,1.2,0.4,1.7,4166666.7,Veteran - Below Avg,4.535,993206.0359
JABARI WALKER,22,POR,PF,60,1,749,15,0.601,0.314,0.31,8.3,22.6,15.3,7.2,2.1,0.7,11.6,16.3,1,1,2,0.128,-1.2,0.5,-0.8,0.2,2019699,3.5,3,0.5,0.3,0.1,0.5,1009849.5,Rising - Above Avg,1.825,-4658290.94
JAY HUFF,26,MEM,C,64,2,748,18.2,0.666,0.656,0.184,4.3,13.9,9.1,7,1,6.9,9.3,19.6,1.6,1,2.5,0.162,2.5,1,3.5,1.1,2088033,9,2.6,0.8,0.3,1.1,0.6,835213.2,Peak - Above Avg,3.085,-6259454.425
DREW EUBANKS,27,TOT,C,61,4,746,15.6,0.622,0.031,0.366,8.9,24.1,16.5,10.6,0.8,5,15.4,15.1,1,0.7,1.7,0.107,-1.2,0.6,-0.7,0.3,5000000,4.8,3.8,1.1,0.2,0.6,0.8,2941176.5,Peak - Below Avg,2.5,-676291.4491
TALEN HORTON-TUCKER,24,CHI,SG,58,0,724,13.8,0.567,0.419,0.337,2.8,11.5,7.2,16.1,1.4,1.3,10.7,21.6,0.6,0.5,1.1,0.075,-1.4,-1.1,-2.4,-0.1,2087519,6.4,2.1,1.5,0.4,0.3,0.6,1897744.5,Rising - Below Avg,3.055,-1585375.467
GARY HARRIS,30,ORL,SG,48,3,711,6.9,0.524,0.759,0.09,3.1,7.5,5.2,5.8,1.8,1.6,10.9,9.5,0.1,0.9,1,0.067,-3.9,1.2,-2.7,-0.1,7500000,4.1,1.3,0.5,0.7,0.3,0.5,7500000,Veteran - Below Avg,1.88,4161005.03
JETT HOWARD,21,ORL,SF,60,0,701,7.1,0.491,0.71,0.088,3.1,8.6,5.7,9.6,0.9,1.5,11.7,19.2,-0.6,0.8,0.1,0.01,-4.1,-1.2,-5.3,-0.6,5278320,4,1.1,0.5,0.2,0.2,0.4,52783200,Rising - Below Avg,1.625,4944420.503
DEANDRE JORDAN,36,DEN,C,56,5,691,15.4,0.621,0,0.457,14,30.3,22.6,9.5,1.1,3.5,19.2,12.8,0.9,0.9,1.8,0.127,-1.4,0.2,-1.2,0.2,2087519,3,3.9,0.9,0.3,0.5,0.7,1159732.8,Veteran - Above Avg,2.16,-3922671.946
QUINTEN POST,24,GSW,PF,42,14,686,14.2,0.595,0.653,0.099,5.3,18.3,11.6,12.2,1.1,2.5,10.3,19.6,0.8,0.9,1.7,0.116,0.1,0,0.1,0.4,438920,1,0.5,0.5,0,0,0,258188.2,Rising - Above Avg,0.375,-5237371.449
BLAKE WESLEY,21,SAS,SG,58,0,683,9.9,0.51,0.312,0.328,2.7,6.9,4.8,22.3,2.6,0.8,20.2,16.7,-0.3,0.4,0.2,0.011,-3.9,-0.3,-4.2,-0.4,2624280,3.9,0.8,2,0.4,0.1,1,13121400,Rising - Below Avg,2.225,1956481.006
SANDRO MAMUKELASHVILI,25,SAS,PF,61,0,681,19.7,0.628,0.573,0.206,9.7,19.7,14.7,10.7,1.6,2.3,7.8,20.8,1.6,0.6,2.2,0.152,3.3,-1,2.3,0.7,2087519,4.4,2.8,0.4,0.1,0.3,0.4,948872.3,Rising - Above Avg,1.965,-5258269.934
MARCUS SMART,30,TOT,PG,34,7,680,12.4,0.529,0.549,0.276,2.8,8.3,5.6,21.7,2.7,1.2,15.8,20.6,0.1,0.6,0.7,0.051,-1.6,0.1,-1.5,0.1,20210284,9.2,2.3,3.8,1.3,0.3,1.9,28871834.3,Veteran - Below Avg,5.04,17872987.52
JALEN PICKETT,25,DEN,SG,49,4,666,10.9,0.545,0.561,0.044,2.6,8.8,5.9,19.5,1.4,0.7,11.6,13.2,0.8,0.3,1.1,0.078,-0.8,-0.7,-1.5,0.1,1891857,3.3,1.1,2.6,0.1,0.1,0.6,1719870,Rising - Below Avg,2.195,-1781037.467
ANTONIO REEVES,24,NOP,SG,44,6,660,11.7,0.579,0.52,0.141,2.9,7.6,5.1,8.8,1.5,0.6,10.2,18.8,0.4,0,0.4,0.029,-1.2,-2,-3.2,-0.2,1157153,4.4,1.1,0.6,0.3,0,0.3,2892882.5,Rising - Below Avg,1.92,-178444.988
KYLE LOWRY,38,PHI,PG,35,12,659,9.8,0.525,0.752,0.282,1.8,10,5.8,19.2,2.5,1.6,13.8,10.1,0.6,0.4,1,0.07,-2.8,1.5,-1.3,0.1,2087519,4.1,1.8,2.7,1,0.3,0.7,2087519,Veteran - Below Avg,2.76,-1251475.97
REED SHEPPARD,20,HOU,PG,52,3,654,9.7,0.465,0.594,0.067,2.6,10.3,6.4,15.2,2.6,2.3,13.1,17.8,-0.3,1,0.8,0.055,-3,1.3,-1.7,0.1,10098960,3.3,1.3,1.2,0.5,0.3,0.6,12623700,Rising - Below Avg,1.805,7427764.024
HERBERT JONES,26,NOP,SF,20,20,648,10.4,0.541,0.419,0.233,3.6,9.6,6.5,13.8,2.8,1.3,15.6,14.6,0.1,0.3,0.4,0.033,-3.9,0.2,-3.6,-0.3,12976362,10.8,4,3.4,1.9,0.4,1.8,32440905,Peak - Below Avg,5.245,11640764.01
AJ JOHNSON,20,TOT,SG,29,11,639,7.1,0.48,0.423,0.174,1.3,8.3,4.8,17.1,0.9,0.4,13.2,17.4,-0.5,0,-0.4,-0.032,-5.6,-2.5,-8.1,-1,2795294,1.4,0.4,0.2,0,0,0.4,N/A,Rising - Below Avg,0.6,N/A
MAXI KLEBER,33,DAL,PF,34,4,637,5.6,0.489,0.51,0.219,4.4,11.7,8.1,8.3,0.7,2.3,17.9,8.7,0,0.4,0.3,0.023,-4.2,0.4,-3.8,-0.3,11000000,2.4,3.2,0.9,0.3,0.5,0.7,36666666.7,Veteran - Below Avg,1.795,9998301.509
DELON WRIGHT,32,TOT,PG,40,7,635,9.2,0.44,0.557,0.191,4.9,6.5,5.7,15,2.7,1.8,13.4,11.3,0,0.7,0.7,0.053,-2.8,1.4,-1.4,0.1,2087519,2.8,1.9,1.9,0.9,0.3,0.6,2982170,Veteran - Below Avg,2.015,-249777.479
JERICHO SIMS,26,TOT,C,53,5,632,10,0.639,0,0.183,12.9,22,17.6,6.4,0.8,2.8,30.1,7.6,0.5,0.7,1.3,0.096,-3.1,0.1,-3,-0.2,2092344,1.7,3.6,0.6,0.2,0.3,0.5,1609495.4,Peak - Below Avg,1.72,-2248349.461
JOSH OKOGIE,26,TOT,SG,40,7,625,16.3,0.567,0.434,0.401,8,11.8,9.9,7.9,3.8,2.8,11.1,19.5,0.6,0.7,1.3,0.1,-0.1,1.6,1.5,0.6,8250000,6.8,3.2,0.5,1,0.4,0.8,6346153.8,Peak - Below Avg,3.075,3909306.539
DANIEL THEIS,32,NOP,C,38,9,621,12.1,0.558,0.287,0.287,7.4,21.5,14.2,13,1.4,3.1,14.7,11.6,0.6,0.4,1,0.077,-3.3,0,-3.3,-0.2,2087519,3.8,3.7,1.4,0.4,0.6,0.7,2087519,Veteran - Below Avg,2.295,-1251475.97
CORY JOSEPH,33,ORL,PG,50,16,612,10.9,0.547,0.695,0.117,3,11.2,6.9,17,2.1,0.6,10,12.8,0.6,0.9,1.5,0.114,-2.3,1.4,-0.8,0.2,3303771,2,1,0.8,0.3,0.1,0.3,2202514,Veteran - Above Avg,1.14,-1704721.455
ZEKE NNAJI,24,DEN,PF,57,4,608,12,0.574,0.369,0.312,6.3,9.8,8.1,4.6,2,5.6,8,12.2,0.6,0.6,1.2,0.097,-2.1,0.7,-1.3,0.1,8888889,1.2,0.4,0.2,0.1,0.1,0.1,7407407.5,Rising - Above Avg,0.425,4882095.036
PAT CONNAUGHTON,32,MIL,SG,41,1,603,12.1,0.567,0.458,0.175,3.6,15.6,9.8,15.8,0.7,1.7,11.2,15.6,0.6,0.6,1.2,0.093,-1.4,-0.8,-2.3,0,9423869,4.6,2.9,1.6,0.2,0.4,0.6,7853224.2,Veteran - Above Avg,2.5,5417075.036
AJAY MITCHELL,22,OKC,SG,36,1,597,12,0.587,0.326,0.19,3.3,8.8,6.1,13.8,2,0.7,12.7,16.2,0.6,0.9,1.5,0.122,-2.5,0.9,-1.6,0.1,3000000,6.4,2,1.7,0.7,0.1,0.8,2000000,Rising - Above Avg,3.175,-2008492.455
BRANDON INGRAM,27,NOP,SF,18,18,595,16,0.56,0.345,0.165,3,15.5,9.1,26.8,1.3,1.8,16.2,30.2,-0.2,0.2,0,0.001,1.4,-1.7,-0.3,0.3,36016200,22.2,5.6,5.2,0.9,0.6,3.8,N/A,Peak - Below Avg,9.295,N/A
JARED MCCAIN,20,PHI,SG,23,8,592,15.2,0.589,0.485,0.204,2.4,8.6,5.4,16.7,1.2,0,11,24.7,0.6,0.1,0.7,0.057,1.8,-1.6,0.2,0.3,4020360,15.3,2.4,2.6,0.7,0,1.6,5743371.4,Rising - Below Avg,6.645,1683063.521
CAM REDDISH,25,LAL,SF,33,8,589,7.4,0.498,0.5,0.277,3.3,9.1,6.3,4.8,2.8,1.6,10.2,8.8,0,0.6,0.7,0.054,-4.4,1.6,-2.7,-0.1,2463946,3.5,2.1,0.8,1.1,0.4,0.4,3519922.9,Rising - Below Avg,1.94,126649.521
JAE'SEAN TATE,29,HOU,SF,52,2,588,12.3,0.557,0.311,0.318,8.9,12.4,10.6,10.5,2.2,1.1,11.5,13.3,0.8,0.8,1.6,0.133,-2.1,1.4,-0.7,0.2,7565217,3.3,2.4,0.7,0.6,0.1,0.5,4728260.6,Peak - Above Avg,1.83,2222825.048
OLIVIER-MAXENCE PROSPER,22,DAL,PF,52,4,584,12.6,0.484,0.293,0.437,8.4,15,11.8,9.1,2.2,0.9,6.3,16.3,0.3,0.5,0.9,0.072,-1.6,-0.5,-2.1,0,2870400,2.4,1.9,0.5,0.3,0.1,0.2,3189333.3,Rising - Below Avg,1.22,-134695.4731
JOEL EMBIID,30,PHI,C,19,19,574,23.4,0.58,0.244,0.537,6.8,24.5,15.3,25.6,1.2,3.1,13.7,34.2,0.9,0.5,1.4,0.118,3.7,-0.3,3.5,0.8,51415938,24.1,7.6,3.7,0.9,1.1,3.2,36725670,Veteran - Above Avg,7.945,46741345.04
MONTE MORRIS,29,PHO,PG,45,0,571,13.1,0.546,0.441,0.215,2.4,10.5,6.5,18.1,1.7,0.5,9,18.1,0.6,0.2,0.8,0.064,-1,-0.8,-1.8,0,2087519,5.5,1.6,1.8,0.5,0.1,0.5,2609398.8,Peak - Below Avg,2.815,-583676.976
MORITZ WAGNER,27,ORL,C,30,1,564,22.3,0.649,0.301,0.442,7.7,23.1,15,13.7,2.1,2,14.1,26.8,1,1,2,0.174,2.6,1.4,4,0.9,11000000,12.9,4.9,1.4,0.8,0.4,1.6,5500000,Peak - Above Avg,4.535,4322010.06
MALCOLM BROGDON,32,WAS,PG,24,13,564,15.8,0.544,0.233,0.383,3.9,13,8.4,27.4,1.1,0.8,11.9,23.7,0.6,0.1,0.7,0.061,-0.1,-1.5,-1.5,0.1,22500000,14.4,4.1,3.9,0.6,0.3,1.8,32142857.1,Veteran - Below Avg,6.935,20162703.52
JOHN KONCHAR,28,MEM,SG,46,4,558,12.1,0.592,0.681,0.088,7.1,21.4,14.3,8.8,2.5,2.3,14.5,8,0.6,0.9,1.5,0.131,-0.7,2.3,1.7,0.5,6165000,2.9,4,1.2,0.7,0.5,0.5,4110000,Peak - Above Avg,1.975,1156507.545
DWIGHT POWELL,33,DAL,C,55,3,551,12.9,0.713,0.082,0.705,9.5,13.7,11.7,12.5,1.6,3.3,18.4,7.6,1.2,0.5,1.7,0.147,-1.5,1.5,0,0.3,4000000,1.6,1.8,0.7,0.4,0.5,0.2,2352941.2,Veteran - Above Avg,1.16,-1676291.449
DILLON JONES,23,OKC,SF,54,3,551,8.1,0.464,0.474,0.211,6,17.3,11.8,12.6,1.4,0.7,16.2,13.3,-0.1,0.9,0.8,0.067,-4.3,0.3,-4,-0.3,2622360,2,1.8,0.7,0.2,0.1,0.3,3277950,Rising - Below Avg,1.23,-48835.97605
RICHAUN HOLMES,31,WAS,PF,31,7,534,19.8,0.695,0.022,0.432,12,22.5,17.2,12.1,0.8,3.9,11.3,14.7,1.6,0.4,2,0.178,1.2,0,1.1,0.4,12648321,3,1.8,0,0,0.5,0.5,6324160.5,Veteran - Above Avg,1.38,5970331.06
MOUHAMED GUEYE,22,ATL,PF,33,28,533,14.4,0.52,0.474,0.246,8.8,20,14.3,6.6,2.5,5.7,7.3,15.7,0.4,0.8,1.2,0.106,-1.6,1,-0.6,0.2,1891857,1,1,0,0,0,0.5,1576547.5,Rising - Above Avg,0.55,-2114936.964
ROB DILLINGHAM,20,MIN,PG,49,1,516,10.2,0.503,0.351,0.071,2.6,8,5.4,28.4,1.9,0.2,19.6,22.7,-0.4,0.6,0.1,0.012,-3.3,-0.9,-4.2,-0.3,6262920,3.7,0.7,1.7,0.1,0,1.1,62629200,Rising - Below Avg,1.98,5929020.503
COLBY JONES,22,TOT,SG,39,0,515,11.4,0.544,0.38,0.271,4.3,13.6,9,12,2.4,2.4,13.7,13.7,0.1,0.4,0.6,0.053,-3.3,0.4,-2.8,-0.1,2120693,1.1,0.9,0.2,0.2,0.2,0.3,3534488.3,Rising - Below Avg,0.585,117296.018
CRAIG PORTER JR.,24,CLE,PG,51,1,513,13.1,0.61,0.343,0.229,4.1,9.9,7.1,17.7,1.6,2.6,19.8,15.9,0.5,0.6,1.1,0.102,0.1,1,1.1,0.4,1891857,2.5,0.9,1.2,0.3,0.4,0.5,1719870,Rising - Above Avg,1.445,-1781037.467
ELFRID PAYTON,30,TOT,PG,24,9,511,8.5,0.34,0.049,0.057,3.1,13.9,8.3,43.3,2.3,2.1,32.1,15.2,-0.9,0.3,-0.6,-0.057,-5.1,-1.3,-6.4,-0.6,789048,6.7,3.4,6.9,1.4,0.4,2.9,N/A,Veteran - Below Avg,5.38,N/A
JOCK LANDALE,29,HOU,C,42,3,500,16,0.59,0.171,0.263,11.7,17.6,14.6,10.3,1.3,1.8,11,15.7,1,0.7,1.7,0.159,0,0.4,0.4,0.3,8000000,3.1,2.6,0.7,0.2,0.4,0.5,4705882.4,Peak - Above Avg,1.68,2323708.551
VINCE WILLIAMS JR.,24,MEM,SG,27,5,499,9.2,0.504,0.569,0.144,4.7,15.9,10.4,13.8,1.1,1.3,15.7,17,-0.1,0.5,0.4,0.04,-2.5,-0.3,-2.8,-0.1,2120693,5.3,3.7,3,0,0.7,2.3,5301732.5,Rising - Below Avg,3.275,785095.012
WENDELL MOORE JR.,23,TOT,SG,36,1,499,11,0.553,0.325,0.175,6.4,14.3,10.3,11.6,1.9,1,16.6,13.8,0.2,0.5,0.7,0.063,-2.6,-0.1,-2.7,-0.1,2537040,4.1,3,1.5,0.7,0.2,0.6,3624342.9,Rising - Below Avg,2.4,199743.521
BRANDON WILLIAMS,25,DAL,PG,33,3,487,18.3,0.634,0.319,0.351,2.7,10.1,6.5,23.2,2.4,0.9,15.2,22.6,0.9,0.4,1.3,0.129,1,-0.1,1,0.4,47989,3.6,1,0.8,0.1,0,0.6,36914.6,Rising - Above Avg,1.66,-4292704.461
A.J. LAWSON,24,TOR,SG,26,2,486,12.7,0.542,0.532,0.332,4.3,14.9,9.5,9.1,1.3,1.2,6.4,20,0.4,0.4,0.8,0.081,-1.5,-1,-2.5,-0.1,100000,3,1,0,0,0,0,125000,Rising - Above Avg,1.15,-2571195.976
GRANT WILLIAMS,26,CHO,PF,16,7,479,11.5,0.596,0.602,0.301,3.9,14.5,9.1,11.3,1.8,2.7,16.7,14.8,0.3,0.4,0.7,0.071,-2.3,0.7,-1.6,0.1,13025250,10.4,5.1,2.3,1.1,0.8,1.8,18607500,Peak - Below Avg,4.27,10687953.52
DUOP REATH,28,POR,C,46,0,469,13.7,0.552,0.639,0.133,9.9,11.4,10.6,8,1.2,2.7,8.3,17,0.6,0.4,1,0.105,0.2,-0.5,-0.3,0.2,2048780,2.6,0.9,0.3,0,0.1,0.1,2048780,Peak - Below Avg,0.865,-1290214.97
LARRY NANCE JR.,32,ATL,PF,24,3,463,16,0.632,0.49,0.084,5.3,19.4,12.2,11.3,2,2.6,9.1,15.7,0.8,0.5,1.3,0.131,1.1,0.7,1.8,0.4,11205000,9.5,4.3,1.6,1.1,0.7,0.7,8619230.8,Veteran - Above Avg,3.78,6864306.539
RAYAN RUPERT,20,POR,SG,52,0,460,8.1,0.499,0.415,0.211,6,10.6,8.2,7.6,1.7,0.8,16.2,16.8,-0.3,0.4,0.1,0.007,-4.1,-0.6,-4.7,-0.3,1891857,3.2,1.4,0.5,0.3,0.1,0.5,18918570,Rising - Below Avg,1.495,1557957.503
JAYLON TYSON,22,CLE,SG,47,3,453,11.1,0.523,0.389,0.161,9.1,13.7,11.5,12.4,1.4,0.6,14,17.4,0.3,0.5,0.8,0.083,-2.4,-0.2,-2.7,-0.1,3326160,2.1,1.7,0.7,0.3,0,0.5,4157700,Rising - Above Avg,1.21,654964.024
BOL BOL,25,PHO,PF,36,10,448,18.4,0.627,0.508,0.142,5.1,20.4,13,7.7,1,5.2,9.3,21.1,0.6,0.3,0.9,0.097,1.7,-0.9,0.8,0.3,2087519,3.3,1.6,0.1,0,0,0.4,2319465.6,Rising - Above Avg,1.22,-917576.4731
PAUL REED,25,DET,C,45,0,438,18.6,0.573,0.197,0.296,10.2,20.8,15.6,14,4.3,5.4,13.9,18,0.6,1,1.6,0.173,-1.2,4,2.9,0.5,3913234,5.2,2.4,1.1,1.3,0.7,0.6,2445771.3,Rising - Above Avg,2.285,-1429157.952
COLIN CASTLETON,24,TOT,C,26,4,432,11.3,0.536,0.163,0.388,13,17.9,15.4,8.9,0.9,2.2,16.7,13.4,0.3,0.4,0.7,0.075,-4,-1,-5,-0.3,421081,1.4,0.9,0,0.1,0.1,0.1,601544.3,Rising - Below Avg,0.64,-1916215.479
MALAKI BRANHAM,21,SAS,SG,47,0,427,12,0.575,0.442,0.174,1.8,11.1,6.4,13.4,1.2,0.4,14.3,23.8,-0.1,0.2,0.1,0.007,-1.2,-1.9,-3.2,-0.1,3217920,5.8,1.4,1.2,0.3,0.1,1.2,32179200,Rising - Below Avg,2.65,2884020.503
JORDAN MILLER,25,LAC,SF,37,0,420,10.5,0.509,0.284,0.261,6.3,9.3,7.8,11.2,2,1.2,14.8,18.2,-0.1,0.5,0.4,0.049,-3,0.2,-2.8,-0.1,1050000,5.9,2.1,1.3,0.5,0.1,0.9,2625000,Rising - Below Avg,2.64,-285597.988
MO BAMBA,26,TOT,C,32,2,413,13.9,0.557,0.482,0.241,8.8,30.5,19.7,6,1.1,7.4,13.9,15.2,0.2,0.8,1,0.117,-2.7,1.9,-0.9,0.1,2207491,4.1,3.8,0.6,0.4,1,0.6,2207491,Peak - Above Avg,2.51,-1131503.97
DAVID RODDY,23,TOT,PF,33,3,410,11.9,0.561,0.488,0.208,3.4,19.5,11.2,11.5,1.6,2,13.9,16,0.1,0.4,0.5,0.062,-1.6,0.1,-1.5,0.1,2967212,4.7,2.4,1.1,0.4,0.2,0.9,5934424,Rising - Below Avg,1.9,1297714.515
TAJ GIBSON,39,CHO,C,37,11,409,10.8,0.515,0.021,0.211,13,18.4,15.6,7.5,1.1,4.3,19.4,13.4,0,0.4,0.4,0.043,-5.2,-0.1,-5.3,-0.3,2087519,2.6,3.2,0.5,0.4,0.2,0.6,5218797.5,Veteran - Below Avg,1.76,751921.012
OUSMANE DIENG,21,OKC,C,37,1,405,11.5,0.538,0.568,0.128,4.9,16.3,10.7,9.6,2,1.7,12,15.7,0.1,0.7,0.9,0.104,-2,1.1,-0.9,0.1,5027040,2.9,2.4,0.7,0.7,0.2,0.3,5585600,Rising - Above Avg,1.585,2021944.527
JORDAN WALSH,20,BOS,PF,52,1,403,6.9,0.464,0.663,0.145,6.2,12.4,9.3,6,1.5,2.5,16.1,11.5,-0.2,0.5,0.4,0.044,-4.4,0.5,-3.9,-0.2,1891857,1.7,1.3,0.3,0.3,0.3,0.3,4729642.5,Rising - Below Avg,0.93,556259.012
HUNTER TYSON,24,DEN,PF,51,2,400,9,0.506,0.617,0.233,7.2,13.9,10.7,6.1,1.2,1.3,9.6,15.5,0.1,0.3,0.4,0.047,-3.3,-1.5,-4.8,-0.3,1891857,2.6,1.7,0.5,0.2,0.2,0.4,4729642.5,Rising - Below Avg,1.205,556259.012
ANTHONY GILL,32,WAS,PF,51,0,397,10.2,0.586,0.352,0.568,4.7,12.6,8.6,5.7,1.1,0.5,8.3,12.7,0.4,0.1,0.5,0.058,-3,-1.5,-4.5,-0.3,2237691,2.3,1.2,0.3,0.2,0,0.2,4475382,Veteran - Below Avg,0.91,568193.515
DEVIN CARTER,22,SAC,PG,36,0,396,10.8,0.471,0.48,0.346,5.4,16.2,10.8,13.5,2.6,1,11,17.9,-0.1,0.4,0.4,0.043,-3.5,0.3,-3.2,-0.1,4689000,0,5,2,0,0,0,11722500,Rising - Below Avg,1.2,3353402.012
JEFF GREEN,38,HOU,PF,32,3,396,13.6,0.649,0.653,0.215,2.9,12.9,7.8,7,0.7,0.9,6.4,14.7,0.9,0.4,1.3,0.159,0.3,0,0.4,0.2,8000000,3,1.2,0.1,0.3,0,0.3,6153846.2,Veteran - Above Avg,1.065,3659306.539
REGGIE JACKSON,34,PHI,PG,31,1,384,9.8,0.496,0.556,0.068,2.3,10.4,6.2,17.1,2.1,0.8,11,17.5,0,0.2,0.1,0.015,-3.2,-0.8,-4,-0.2,4033748,3.8,1.3,1.8,0.5,0.2,0.5,40337480,Veteran - Below Avg,2.19,3699848.503
BAYLOR SCHEIERMAN,24,BOS,SG,31,2,384,10.3,0.49,0.745,0.109,5.4,13,9.2,11.3,2.2,0.5,9.4,14.5,0.2,0.5,0.7,0.089,-2.5,0.8,-1.7,0,2494320,0.8,1.4,0.4,0.2,0,0,3563314.3,Rising - Above Avg,0.6,157023.521
ALEX LEN,31,TOT,C,46,7,380,10.6,0.525,0.143,0.27,11.3,16.7,14,12.6,1.2,5.4,22.1,10.3,0.2,0.4,0.7,0.083,-3.9,1.2,-2.6,-0.1,2831348,1.6,1.9,0.9,0.2,0.6,0.3,4044782.9,Veteran - Below Avg,1.195,494051.521
JOHNNY FURPHY,20,IND,SG,50,0,379,9.8,0.506,0.543,0.239,6.8,14,10.4,6.2,2.3,2.6,10.6,13,0.1,0.5,0.5,0.07,-3,0.6,-2.5,0,1850842,2.8,1.4,0.4,0.4,0.3,0.4,3701684,Rising - Below Avg,1.34,181344.515
CHARLES BASSEY,24,SAS,C,36,1,376,19,0.597,0,0.282,15.9,27.4,21.7,6.6,1.8,7.2,14.9,17.5,0.5,0.6,1.1,0.136,-1.7,0.6,-1.1,0.1,2087519,4.8,4.2,0.5,0.3,1,0.7,1897744.5,Rising - Above Avg,2.775,-1585375.467
DOMINICK BARLOW,21,ATL,PF,35,4,375,14.6,0.58,0.239,0.292,10,15,12.4,6.9,1.1,3.9,3.8,14.5,0.7,0.3,1,0.131,-1.4,-0.8,-2.2,0,491887,1,0.7,0.2,0.2,0,0,491887,Rising - Above Avg,0.475,-2847107.97
JADEN SPRINGER,22,TOT,PG,43,2,365,10.7,0.511,0.533,0.422,5.1,12.1,8.6,12.1,3.2,1,13,14.3,0.1,0.4,0.5,0.07,-4.3,1.6,-2.7,-0.1,4772772,1.4,1,0.4,0.3,0,0.1,9545544,Rising - Below Avg,0.79,3103274.515
ROBERT WILLIAMS,27,POR,C,20,3,351,18.9,0.679,0.038,0.218,10.5,26.3,18.2,8.6,1.8,8.5,16.6,12.2,0.6,0.7,1.3,0.175,-0.1,3.2,3,0.4,12428571,6.8,4.9,1.1,0.7,1.5,0.8,9560439.2,Peak - Above Avg,3.63,8087877.539
DOUG MCDERMOTT,33,SAC,SF,42,3,342,9.5,0.617,0.863,0.043,1,6.2,3.6,2.8,0.6,0.6,4.8,15.7,0.4,0.1,0.4,0.061,-0.8,-2.4,-3.2,-0.1,2087519,3.7,0.7,0.1,0.2,0,0.1,5218797.5,Veteran - Below Avg,1.335,751921.012
TERRENCE SHANNON JR.,24,MIN,SG,32,1,339,11.9,0.56,0.272,0.184,3.3,11.9,7.7,13.8,1,1.4,10.9,17.7,0.3,0.4,0.6,0.091,-2.1,0,-2.1,0,2546640,1.5,0.2,0.5,0.2,0.1,0.3,4244400,Rising - Above Avg,0.76,543243.018
TRISTAN THOMPSON,33,CLE,C,40,0,328,9.1,0.41,0.042,0.423,10.9,32.7,22.1,8.8,0.3,3,14.3,12.7,-0.2,0.5,0.4,0.057,-4.9,0.3,-4.6,-0.2,2087519,2.3,2.6,0.3,0,0.3,0.4,5218797.5,Veteran - Below Avg,1.46,751921.012
MAXWELL LEWIS,22,TOT,SF,28,1,327,9.9,0.516,0.463,0.093,6,13.5,9.5,9,1.4,2.1,11.1,16.9,-0.1,0.3,0.2,0.03,-3.2,-1.1,-4.4,-0.2,1891857,0.9,0.3,0.3,0.1,0,0.3,9459285,Rising - Below Avg,0.42,1224058.006
JEVON CARTER,29,CHI,PG,36,1,321,12.2,0.509,0.719,0.068,1.3,11.2,6.4,17.2,1.9,0.8,6.8,21,0.1,0.3,0.3,0.046,-1,-1.1,-2.1,0,6500000,3.5,0.9,0.9,0.3,0,0.4,21666666.7,Peak - Below Avg,1.69,5498301.509
PATTY MILLS,36,TOT,PG,29,0,321,8.4,0.543,0.781,0.146,1.4,6,3.7,11.1,1.9,0.9,14.3,15.6,0,0.1,0.1,0.017,-3.2,0,-3.2,-0.1,2087519,3.6,0.9,1.4,0.7,0.2,0.9,20875190,Veteran - Below Avg,1.98,1753619.503
TRE MANN,23,CHO,PG,13,0,319,13.3,0.537,0.373,0.13,3.9,8.9,6.3,21.2,1.1,1.2,12.8,26,0,0.1,0.1,0.019,-0.6,-1.9,-2.4,0,4908373,14.1,2.9,3,0.5,0.3,1.9,49083730,Rising - Below Avg,6.375,4574473.503
JALEN HOOD-SCHIFINO,21,TOT,SG,15,0,315,7.9,0.494,0.469,0.214,1.1,9,4.9,16.7,0.8,2.2,14.4,17.3,-0.2,0.1,-0.1,-0.015,-4.4,-2.5,-6.9,-0.4,3879840,2,0.5,0.5,0,0.5,0.5,N/A,Rising - Below Avg,0.925,N/A
TORREY CRAIG,34,TOT,SF,26,4,314,12.9,0.567,0.733,0.133,9.3,15.6,12.5,7.2,1.3,3.5,7.7,14.1,0.4,0.4,0.8,0.122,-1,0.1,-0.9,0.1,3625162,6.9,2.8,0.6,0.2,0.1,0,4531452.5,Veteran - Above Avg,2.93,953966.024
JORDAN MCLAUGHLIN,28,TOT,PG,46,0,314,12.3,0.6,0.639,0.306,2.1,8.5,5.3,21,2.5,0.3,16.4,13.3,0.4,0.2,0.6,0.098,-1.6,0,-1.6,0,2087519,2.1,0.8,0.9,0.4,0,0.4,3479198.3,Peak - Below Avg,1.21,84122.01796
ISAAC JONES,24,SAC,PF,40,0,304,15.2,0.678,0.096,0.434,8.1,12.9,10.5,5.6,0.8,3.2,13.9,16.3,0.5,0.2,0.7,0.115,-0.9,-0.8,-1.7,0,152957,3.6,1.5,0.2,0.1,0.4,0.5,218510,Rising - Above Avg,1.38,-2184339.479
TYLER KOLEK,23,NYK,PG,41,0,296,10.3,0.453,0.573,0.207,3.1,7.3,5.2,29.5,2,1.3,16.7,15.8,0.1,0.3,0.4,0.058,-2.6,-0.3,-2.8,-0.1,2087519,2.4,0.7,0.8,0.3,0.1,0.4,5218797.5,Rising - Below Avg,1.25,751921.012
JOSH MINOTT,22,MIN,SF,46,0,276,15.5,0.605,0.478,0.211,4.9,13.8,9.4,9.5,2.7,4,10.1,17.2,0.4,0.5,0.9,0.153,-0.7,2.9,2.2,0.3,2019699,3.4,1.4,0.6,0.5,0.4,0.3,2244110,Rising - Above Avg,1.605,-985396.4731
KOBE BROWN,25,LAC,PF,40,0,272,10.8,0.513,0.361,0.097,8,18.9,13.5,11.9,1.3,1.5,13.8,14,0.1,0.4,0.5,0.085,-2.5,0.4,-2.1,0,2533920,2.8,2.1,0.6,0.1,0,0,5067840,Rising - Above Avg,1.31,864422.515
MARVIN BAGLEY III,25,TOT,PF,31,2,265,18.4,0.56,0.179,0.33,15,18.2,16.6,6.5,1.6,2.7,9,20.9,0.4,0.2,0.6,0.108,0.4,-1.6,-1.2,0.1,12500000,4.9,2.9,0.4,0.4,0.3,0.6,20833333.3,Rising - Above Avg,2.145,10496603.02
KEVIN LOVE,36,MIA,PF,23,9,251,16.2,0.488,0.583,0.2,9.8,31.4,20.7,13.1,3,1.5,10.1,24.6,-0.1,0.5,0.4,0.083,-0.3,0.7,0.4,0.2,3850000,5.9,4.5,1.2,0.8,0.1,0.8,9625000,Veteran - Below Avg,2.905,2514402.012
PAT SPENCER,28,GSW,PG,39,0,250,12.6,0.455,0.218,0.149,6.3,13.7,9.9,28.1,2.7,1.1,14.3,21.2,-0.1,0.4,0.3,0.055,-3,1.4,-1.6,0,438810,1.3,1.1,1.5,0.5,0,0.4,1462700,Peak - Below Avg,1.19,-562888.491
BRANDEN CARLSON,25,OKC,C,32,0,246,17.6,0.581,0.68,0.186,7.6,15.8,11.8,7.5,1,8.6,6.3,19.3,0.4,0.5,0.9,0.177,0.5,0.8,1.3,0.2,496519,0.6,1.3,0.4,0.1,0.1,0.1,551687.8,Rising - Above Avg,0.62,-2508576.473
DARIQ WHITEHEAD,20,BRK,SF,20,0,246,9.4,0.58,0.771,0.052,1.8,12.1,6.7,7.8,1.2,0.4,13.3,20.1,-0.1,0.1,0.1,0.01,-1.5,-2.2,-3.7,-0.1,3114240,4.5,0.8,0.3,0.8,0.3,0.8,31142400,Rising - Below Avg,1.76,2780340.503
JOHNNY DAVIS,22,WAS,SG,34,0,242,10.2,0.473,0.372,0.192,4.3,12.1,8.2,6.6,2.9,2.2,7.6,15.9,-0.1,0.2,0.1,0.01,-3.5,0.7,-2.8,0,5291160,2.9,1.4,0.4,0.5,0.3,0.2,52911600,Rising - Below Avg,1.395,4957260.503
BONES HYLAND,24,TOT,PG,24,0,239,16,0.576,0.695,0.22,2.4,9.3,5.9,20.1,3.7,1.7,16.2,28.2,0.1,0.4,0.5,0.095,0.9,1.8,2.7,0.3,4158439,7.6,1.1,1.3,0.9,0.3,1.1,8316878,Rising - Above Avg,3.405,2488941.515
XAVIER TILLMAN SR.,26,BOS,C,33,2,231,2.4,0.31,0.604,0.075,4.7,15.5,10.1,3.8,2.4,2,20.4,13.1,-0.7,0.4,-0.3,-0.057,-8.4,0.3,-8.1,-0.4,2237691,1.1,1.5,0.3,0.4,0.2,0.3,N/A,Peak - Below Avg,0.865,N/A
GARRETT TEMPLE,38,TOR,SG,28,0,227,8.5,0.406,0.467,0.2,4.2,9.7,6.8,17.4,3.6,0.8,13.3,13.9,-0.1,0.3,0.2,0.033,-5.7,2.1,-3.6,-0.1,2087519,0.5,0.8,0.6,0.4,0.1,0.4,10437595,Veteran - Below Avg,0.545,1419720.006
JARED RHODEN,25,TOT,SG,14,2,227,16.4,0.602,0.448,0.287,6.5,13.5,9.9,10.5,2.1,0.8,8.4,19.7,0.4,0.2,0.6,0.131,-0.5,0,-0.5,0.1,119972,1,1,0.5,0.3,0,0.3,199953.3,Rising - Above Avg,0.685,-1883424.982
LUKA GARZA,26,MIN,C,39,0,219,18.8,0.573,0.343,0.333,16,11.5,13.7,8.2,1.4,1.3,9.1,26.2,0.4,0.3,0.7,0.144,-0.4,-1.9,-2.3,0,2162606,3.9,1.2,0.1,0.1,0,0.3,3089437.1,Peak - Above Avg,1.215,-174690.479
ARIEL HUKPORTI,22,NYK,C,25,1,217,7.6,0.654,0,0.419,7.5,19.4,13.5,6.4,0.2,6.4,36.4,11.6,-0.2,0.3,0.1,0.02,-6.5,0.9,-5.6,-0.2,1064049,1.8,1.8,0.5,0,0.7,0.8,10640490,Rising - Below Avg,1.2,730149.503
BRONNY JAMES,20,LAL,SG,27,1,181,7.1,0.424,0.478,0.209,2.6,8.5,5.6,16.5,2.4,1.6,15.1,20.9,-0.3,0.2,-0.2,-0.043,-5.9,-1.3,-7.2,-0.2,1157153,0.5,0.1,0.4,0.1,0.1,0,N/A,Rising - Below Avg,0.345,N/A
COLE SWIDER,25,TOT,SF,10,0,169,6.5,0.465,0.746,0.016,3.1,14.3,8.6,2.3,1.1,1.1,5.9,16.7,-0.2,0.1,0,-0.009,-4.9,-2.4,-7.3,-0.2,227947,0,1,0.5,0,0,0,N/A,Rising - Below Avg,0.35,N/A
JAYLEN NOWELL,25,NOP,SG,8,0,168,7.5,0.43,0.37,0.151,3.7,9.3,6.4,15.6,0.3,2.3,9.3,21.6,-0.2,0,-0.2,-0.069,-3.2,-2.5,-5.7,-0.2,446743,8.4,2.5,2.3,0.1,0.5,1,N/A,Rising - Below Avg,4.015,N/A
MARKIEFF MORRIS,35,TOT,PF,15,2,165,6,0.385,0.514,0.086,2.1,13.1,7.8,17.5,0.6,1.7,6.4,20.5,-0.3,0.1,-0.2,-0.044,-5.2,-2.5,-7.6,-0.2,2087519,2,1.2,0.6,0,0.2,0.4,N/A,Veteran - Below Avg,0.88,N/A
MARJON BEAUCHAMP,24,TOT,SF,35,0,156,12.3,0.535,0.446,0.308,8,22.6,15.6,10.2,1.2,0.6,16.9,24.9,-0.1,0.2,0.1,0.02,-2.7,-1.6,-4.3,-0.1,2733720,1.7,1.1,0.1,0.1,0,0.7,27337200,Rising - Below Avg,0.82,2399820.503
JOSH RICHARDSON,31,MIA,SG,8,0,150,4.4,0.402,0.579,0.105,4.5,4.4,4.4,10.5,2.7,0.6,16.8,14.1,-0.2,0.2,-0.1,-0.021,-7.3,0.6,-6.7,-0.2,3051153,4,1.5,1.5,1,0.1,1,N/A,Veteran - Below Avg,2.275,N/A
BRUNO FERNANDO,26,TOR,C,17,2,147,15.3,0.552,0,0.163,15,22.4,18.6,17.9,1.3,5.8,21,18.9,0,0.2,0.3,0.085,-3,2.3,-0.7,0.1,1115128,3.4,3,1.1,0.2,0.5,0.8,3717093.3,Peak - Below Avg,1.91,113429.509
DAMION LEE,32,PHO,SG,25,0,144,11.9,0.499,0.5,0.284,2.4,12.8,7.8,11.5,2.1,0,10.7,28.6,-0.2,0.1,-0.1,-0.031,-2.9,-2.1,-5.1,-0.1,2087519,2.4,0.7,0.7,0.3,0,0.4,N/A,Veteran - Below Avg,1.215,N/A
KOBE BUFKIN,21,ATL,SG,10,0,124,10.5,0.483,0.404,0.383,4.3,14.5,9.3,18.2,1.1,1.5,12.7,20.8,0,0.1,0,0.018,-3.4,-0.5,-4,-0.1,4299000,5.3,2.1,1.7,0.3,0.2,0.8,N/A,Rising - Below Avg,2.72,N/A
TYLER SMITH,20,MIL,PF,23,0,122,15.2,0.626,0.6,0.16,5.6,16.3,11.1,4.9,1.2,3.1,13,22.1,0.1,0.1,0.2,0.083,0.4,-1.2,-0.9,0,1157153,2,0.9,0.1,0,0.3,0.3,5785765,Rising - Above Avg,0.805,489354.006
DE'ANTHONY MELTON,26,GSW,SG,6,2,121,13.3,0.539,0.648,0.148,5.2,12.8,8.9,21.1,2.8,1.6,14.8,23.5,0,0.2,0.2,0.076,-1.6,0.8,-0.8,0,12822000,10.3,3.3,2.8,1.2,0.3,1.7,64110000,Peak - Below Avg,5.155,12154201.01
MOSES BROWN,25,TOT,C,13,2,119,22.4,0.706,0,0.224,11.3,29,20.3,2.9,2.4,2.9,17,23.5,0.2,0.2,0.4,0.146,-0.3,0.5,0.1,0.1,426632,3.2,1.4,0,0.2,0.1,0.7,1066580,Rising - Above Avg,1.19,-908965.988
JOE INGLES,37,MIN,SF,19,1,114,2.4,0.326,0.652,0,2,8.6,5.4,25.4,0.9,0,28.1,12.2,-0.2,0.1,-0.1,-0.035,-6.9,-0.1,-7,-0.1,2087519,0,0.3,1.3,0,0,0.1,N/A,Veteran - Below Avg,0.335,N/A
SIDY CISSOKO,20,TOT,SF,22,0,114,6.7,0.471,0.433,0.3,7.4,12.4,9.9,17.7,0.9,0.8,24.5,16.6,-0.2,0.1,-0.1,-0.045,-4.8,-0.3,-5.1,-0.1,1891857,1.2,0.6,0.5,0,0,0.1,N/A,Rising - Below Avg,0.61,N/A
PATRICK BALDWIN JR.,22,TOT,SF,24,0,107,16.2,0.721,0.657,0.114,4.8,19.7,12.3,4.6,1.3,1.7,12,16.4,0.1,0.1,0.2,0.098,2.4,-0.9,1.5,0.1,2448840,2,0.8,0.1,0.1,0.1,0.1,12244200,Rising - Above Avg,0.845,1781041.006
CHRIS LIVINGSTON,21,MIL,SF,21,1,106,9.8,0.441,0.296,0.593,10.7,24.6,17.9,6,2.3,0,15,16.6,-0.1,0.2,0.1,0.035,-5,-1.1,-6.1,-0.1,1891857,0.7,0.7,0.3,0.3,0,0.3,18918570,Rising - Below Avg,0.49,1557957.503
JAE CROWDER,34,SAC,PF,9,2,103,6.6,0.467,0.682,0.273,6.5,15.3,10.9,7.1,1.4,0,14,12,0,0.1,0.1,0.026,-3.8,-0.5,-4.3,-0.1,1655619,3.3,2.8,0.7,0.5,0,0.7,16556190,Veteran - Below Avg,1.715,1321719.503
KESHAD JOHNSON,23,MIA,SF,16,0,98,19.1,0.718,0.269,0.346,6.8,24.6,15.8,6.3,2.5,3.9,11.8,15.4,0.2,0.2,0.4,0.181,-1,0.9,-0.1,0,724883,1.8,2.3,0.3,0,0.8,0.3,1812207.5,Rising - Above Avg,1.255,-610714.988
JD DAVISON,22,BOS,PG,16,0,93,6.5,0.445,0.529,0.206,2.3,12.8,7.6,19.1,2.7,1,26,23.6,-0.3,0.1,-0.2,-0.081,-5.9,-0.3,-6.2,-0.1,11997,1.2,0.4,0.2,0.2,0,1.2,N/A,Rising - Below Avg,0.57,N/A
ISAIAH JACKSON,23,IND,C,5,1,84,18.2,0.6,0,0.609,14.7,22.3,18.6,8.1,1.7,8.6,14.6,17.6,0.1,0.1,0.3,0.153,-1,1.8,0.8,0.1,4435381,7,5.6,1,0.6,1.6,1,14784603.3,Rising - Above Avg,3.93,3433682.509
TAYLOR HENDRICKS,21,UTA,PF,3,3,75,7.1,0.354,0.667,0.222,7.2,14.3,10.8,3.4,3.2,5,9.2,12.1,-0.1,0.1,0,-0.008,-4.8,1.3,-3.5,0,5848680,4.7,5,0.7,1.7,1.3,0.7,N/A,Rising - Below Avg,3.335,N/A
CHRIS DUARTE,27,CHI,SG,17,0,74,16.5,0.61,0.577,0.308,7.2,20.9,14.2,16.6,0,0,3.3,17.2,0.2,0,0.3,0.171,2.2,-1,1.2,0.1,5893768,2.4,1.2,0.4,0,0,0.1,19645893.3,Peak - Above Avg,1.1,4892069.509
MATT RYAN,27,NYK,SF,19,0,68,6.1,0.439,0.613,0.065,0,13.4,6.8,5.9,1.5,0,8.6,22.3,-0.1,0.1,-0.1,-0.057,-5.1,-2.3,-7.5,-0.1,621439,1.5,0.2,0,0.1,0,0.3,N/A,Peak - Below Avg,0.515,N/A
CAM CHRISTIE,19,LAC,SG,13,0,59,9.1,0.349,0.542,0.167,5.8,17,11.5,13.7,4.2,1.7,7.2,20.5,-0.1,0.1,0,-0.005,-5.5,3,-2.5,0,1157153,5,3,0,2,0,1,N/A,Rising - Below Avg,2.45,N/A
E.J. LIDDELL,24,CHI,PF,12,0,53,11.1,0.661,0.667,0.133,6,11.7,8.9,7.6,0.9,1.6,11.2,14.1,0.1,0,0.1,0.108,-2.7,-1.4,-4.1,0,706898,2.5,0.8,0.5,0.2,0.2,0.3,7068980,Rising - Above Avg,0.87,372998.503
JAMES JOHNSON,37,IND,PF,12,0,37,0,0.35,0.273,0.091,0,17.9,9,13.7,0,4.9,25.9,18,-0.2,0,-0.1,-0.162,-9.6,-0.2,-9.7,-0.1,2087519,1.6,0.8,0.6,0,0.4,0.8,N/A,Veteran - Below Avg,0.72,N/A
PJ DOZIER,28,MIN,SG,9,0,35,9.5,0.621,1,2,3.2,12.5,7.9,18.1,1.4,0,15.1,8.2,0,0,0.1,0.107,-2,2.7,0.7,0,1051255,0.8,0.6,0.6,0.1,0,0.1,10512550,Peak - Below Avg,0.57,717355.503
LEONARD MILLER,21,MIN,SF,13,0,32,19.9,0.54,0.333,0.533,10.6,27.3,19.1,0,3.1,2.9,9.7,27.8,0,0.1,0.1,0.145,-3.4,-0.3,-3.7,0,1891857,2,0,0,1,0,0,18918570,Rising - Above Avg,0.75,1557957.503
MALEVY LEONS,25,OKC,SF,6,0,21,-2.3,0.266,0.5,2,5.2,10,7.7,5.1,0,0,21,9.6,0,0,0,-0.052,-10.4,-1.9,-12.4,-0.1,126356,0.3,0.5,0.2,0,0,0.2,N/A,Rising - Below Avg,0.255,N/A
DAISHEN NIX,22,MIN,PG,3,0,13,-7,0.266,1,2,0,33.6,17.1,27.2,0,0,68,19.6,-0.1,0,-0.1,-0.327,-14.9,-1.2,-16.2,0,119972,0.3,1.3,1,0,0,1.3,N/A,Rising - Below Avg,0.585,N/A
JAMES WISEMAN,23,IND,C,1,0,5,31.2,0.615,0.25,0.5,0,22.1,11.1,0,0,0,0,42.2,0,0,0,0.237,6,-4.4,1.6,0,2237691,6,1,0,0,0,0,N/A,Rising - Above Avg,1.55,N/A
